token,index,name,count,ICD-10 Chapter,ICD-10 Chapter (short),color,labels_short,type
0,0,Padding,,Technical,Technical,#2a52be,Padding,covars
1,1,No event,,Technical,Technical,#2a52be,No event,covars
2,2,Female,218608,Sex,Sex,#bcbd22,Female,covars
3,3,Male,183444,Sex,Sex,#bcbd22,Male,covars
4,4,BMI low,37912,"Smoking, Alcohol and BMI","Smoking, Alcohol and BMI",#9467bd,BMI low,covars
5,5,BMI mid,206718,"Smoking, Alcohol and BMI","Smoking, Alcohol and BMI",#9467bd,BMI mid,covars
6,6,BMI high,154955,"Smoking, Alcohol and BMI","Smoking, Alcohol and BMI",#9467bd,BMI high,covars
7,7,Smoking low,358649,"Smoking, Alcohol and BMI","Smoking, Alcohol and BMI",#9467bd,Smoking low,covars
8,8,Smoking mid,11013,"Smoking, Alcohol and BMI","Smoking, Alcohol and BMI",#9467bd,Smoking mid,covars
9,9,Smoking high,31346,"Smoking, Alcohol and BMI","Smoking, Alcohol and BMI",#9467bd,Smoking high,covars
10,10,Alcohol low,123582,"Smoking, Alcohol and BMI","Smoking, Alcohol and BMI",#9467bd,Alcohol low,covars
11,11,Alcohol mid,195659,"Smoking, Alcohol and BMI","Smoking, Alcohol and BMI",#9467bd,Alcohol mid,covars
12,12,Alcohol high,81611,"Smoking, Alcohol and BMI","Smoking, Alcohol and BMI",#9467bd,Alcohol high,covars
13,13,A00 Cholera,22,I. Certain infectious and parasitic diseases,I. Infectious Diseases,#98df8a,A00,icdcodes
14,14,A01 Typhoid and paratyphoid fevers,132,I. Certain infectious and parasitic diseases,I. Infectious Diseases,#98df8a,A01,icdcodes
15,15,A02 Other salmonella infections,622,I. Certain infectious and parasitic diseases,I. Infectious Diseases,#98df8a,A02,icdcodes
16,16,A03 Shigellosis,170,I. Certain infectious and parasitic diseases,I. Infectious Diseases,#98df8a,A03,icdcodes
17,17,A04 Other bacterial intestinal infections,6494,I. Certain infectious and parasitic diseases,I. Infectious Diseases,#98df8a,A04,icdcodes
18,18,A05 Other bacterial foodborne intoxications,305,I. Certain infectious and parasitic diseases,I. Infectious Diseases,#98df8a,A05,icdcodes
19,19,A06 Amoebiasis,98,I. Certain infectious and parasitic diseases,I. Infectious Diseases,#98df8a,A06,icdcodes
20,20,A07 Other protozoal intestinal diseases,401,I. Certain infectious and parasitic diseases,I. Infectious Diseases,#98df8a,A07,icdcodes
21,21,A08 Viral and other specified intestinal infections,4384,I. Certain infectious and parasitic diseases,I. Infectious Diseases,#98df8a,A08,icdcodes
22,22,A09 Diarrhoea and gastro-enteritis of presumed infectious origin,17287,I. Certain infectious and parasitic diseases,I. Infectious Diseases,#98df8a,A09,icdcodes
23,23,"A15 Respiratory tuberculosis, bacteriologically and histologically confirmed",2176,I. Certain infectious and parasitic diseases,I. Infectious Diseases,#98df8a,A15,icdcodes
24,24,"A16 Respiratory tuberculosis, not confirmed bacteriologically or histologically",528,I. Certain infectious and parasitic diseases,I. Infectious Diseases,#98df8a,A16,icdcodes
25,25,A17 Tuberculosis of nervous system,13,I. Certain infectious and parasitic diseases,I. Infectious Diseases,#98df8a,A17,icdcodes
26,26,A18 Tuberculosis of other organs,156,I. Certain infectious and parasitic diseases,I. Infectious Diseases,#98df8a,A18,icdcodes
27,27,A19 Miliary tuberculosis,16,I. Certain infectious and parasitic diseases,I. Infectious Diseases,#98df8a,A19,icdcodes
28,28,A20 Plague,6,I. Certain infectious and parasitic diseases,I. Infectious Diseases,#98df8a,A20,icdcodes
29,29,A22 Anthrax,2,I. Certain infectious and parasitic diseases,I. Infectious Diseases,#98df8a,A22,icdcodes
30,30,A23 Brucellosis,27,I. Certain infectious and parasitic diseases,I. Infectious Diseases,#98df8a,A23,icdcodes
31,31,A24 Glanders and melioidosis,1,I. Certain infectious and parasitic diseases,I. Infectious Diseases,#98df8a,A24,icdcodes
32,32,A25 Rat-bite fevers,2,I. Certain infectious and parasitic diseases,I. Infectious Diseases,#98df8a,A25,icdcodes
33,33,A26 Erysipeloid,11,I. Certain infectious and parasitic diseases,I. Infectious Diseases,#98df8a,A26,icdcodes
34,34,A27 Leptospirosis,25,I. Certain infectious and parasitic diseases,I. Infectious Diseases,#98df8a,A27,icdcodes
35,35,"A28 Other zoonotic bacterial diseases, not elsewhere classified",45,I. Certain infectious and parasitic diseases,I. Infectious Diseases,#98df8a,A28,icdcodes
36,36,A30 Leprosy [hansen's disease],2,I. Certain infectious and parasitic diseases,I. Infectious Diseases,#98df8a,A30,icdcodes
37,37,A31 Infection due to other mycobacteria,107,I. Certain infectious and parasitic diseases,I. Infectious Diseases,#98df8a,A31,icdcodes
38,38,A32 Listeriosis,20,I. Certain infectious and parasitic diseases,I. Infectious Diseases,#98df8a,A32,icdcodes
39,39,A33 Tetanus neonatorum,1,I. Certain infectious and parasitic diseases,I. Infectious Diseases,#98df8a,A33,icdcodes
40,40,A35 Other tetanus,98,I. Certain infectious and parasitic diseases,I. Infectious Diseases,#98df8a,A35,icdcodes
41,41,A36 Diphtheria,118,I. Certain infectious and parasitic diseases,I. Infectious Diseases,#98df8a,A36,icdcodes
42,42,A37 Whooping cough,1699,I. Certain infectious and parasitic diseases,I. Infectious Diseases,#98df8a,A37,icdcodes
43,43,A38 Scarlet fever,1061,I. Certain infectious and parasitic diseases,I. Infectious Diseases,#98df8a,A38,icdcodes
44,44,A39 Meningococcal infection,86,I. Certain infectious and parasitic diseases,I. Infectious Diseases,#98df8a,A39,icdcodes
45,45,A40 Streptococcal septicaemia,575,I. Certain infectious and parasitic diseases,I. Infectious Diseases,#98df8a,A40,icdcodes
46,46,A41 Other septicaemia,10621,I. Certain infectious and parasitic diseases,I. Infectious Diseases,#98df8a,A41,icdcodes
47,47,A42 Actinomycosis,171,I. Certain infectious and parasitic diseases,I. Infectious Diseases,#98df8a,A42,icdcodes
48,48,A43 Nocardiosis,2,I. Certain infectious and parasitic diseases,I. Infectious Diseases,#98df8a,A43,icdcodes
49,49,A44 Bartonellosis,1,I. Certain infectious and parasitic diseases,I. Infectious Diseases,#98df8a,A44,icdcodes
50,50,A46 Erysipelas,255,I. Certain infectious and parasitic diseases,I. Infectious Diseases,#98df8a,A46,icdcodes
51,51,"A48 Other bacterial diseases, not elsewhere classified",175,I. Certain infectious and parasitic diseases,I. Infectious Diseases,#98df8a,A48,icdcodes
52,52,A49 Bacterial infection of unspecified site,1887,I. Certain infectious and parasitic diseases,I. Infectious Diseases,#98df8a,A49,icdcodes
53,53,A50 Congenital syphilis,9,I. Certain infectious and parasitic diseases,I. Infectious Diseases,#98df8a,A50,icdcodes
54,54,A51 Early syphilis,15,I. Certain infectious and parasitic diseases,I. Infectious Diseases,#98df8a,A51,icdcodes
55,55,A52 Late syphilis,17,I. Certain infectious and parasitic diseases,I. Infectious Diseases,#98df8a,A52,icdcodes
56,56,A53 Other and unspecified syphilis,24,I. Certain infectious and parasitic diseases,I. Infectious Diseases,#98df8a,A53,icdcodes
57,57,A54 Gonococcal infection,223,I. Certain infectious and parasitic diseases,I. Infectious Diseases,#98df8a,A54,icdcodes
58,58,A55 Chlamydial lymphogranuloma venereum,4,I. Certain infectious and parasitic diseases,I. Infectious Diseases,#98df8a,A55,icdcodes
59,59,A56 Other sexually transmitted chlamydial diseases,66,I. Certain infectious and parasitic diseases,I. Infectious Diseases,#98df8a,A56,icdcodes
60,60,A58 Granuloma inguinale,1,I. Certain infectious and parasitic diseases,I. Infectious Diseases,#98df8a,A58,icdcodes
61,61,A59 Trichomoniasis,76,I. Certain infectious and parasitic diseases,I. Infectious Diseases,#98df8a,A59,icdcodes
62,62,A60 Anogenital herpesviral [herpes simplex] infections,352,I. Certain infectious and parasitic diseases,I. Infectious Diseases,#98df8a,A60,icdcodes
63,63,"A63 Other predominantly sexually transmitted diseases, not elsewhere classified",1442,I. Certain infectious and parasitic diseases,I. Infectious Diseases,#98df8a,A63,icdcodes
64,64,A64 Unspecified sexually transmitted disease,3,I. Certain infectious and parasitic diseases,I. Infectious Diseases,#98df8a,A64,icdcodes
65,65,A66 Yaws,15,I. Certain infectious and parasitic diseases,I. Infectious Diseases,#98df8a,A66,icdcodes
66,66,A67 Pinta [carate],6,I. Certain infectious and parasitic diseases,I. Infectious Diseases,#98df8a,A67,icdcodes
67,67,A68 Relapsing fevers,1,I. Certain infectious and parasitic diseases,I. Infectious Diseases,#98df8a,A68,icdcodes
68,68,A69 Other spirochaetal infections,246,I. Certain infectious and parasitic diseases,I. Infectious Diseases,#98df8a,A69,icdcodes
69,69,A70 Chlamydia psittaci infection,27,I. Certain infectious and parasitic diseases,I. Infectious Diseases,#98df8a,A70,icdcodes
70,70,A71 Trachoma,31,I. Certain infectious and parasitic diseases,I. Infectious Diseases,#98df8a,A71,icdcodes
71,71,A74 Other diseases caused by chlamydiae,21,I. Certain infectious and parasitic diseases,I. Infectious Diseases,#98df8a,A74,icdcodes
72,72,A75 Typhus fever,5,I. Certain infectious and parasitic diseases,I. Infectious Diseases,#98df8a,A75,icdcodes
73,73,A77 Spotted fever [tick-borne rickettsioses],21,I. Certain infectious and parasitic diseases,I. Infectious Diseases,#98df8a,A77,icdcodes
74,74,A78 Q fever,10,I. Certain infectious and parasitic diseases,I. Infectious Diseases,#98df8a,A78,icdcodes
75,75,A79 Other rickettsioses,2,I. Certain infectious and parasitic diseases,I. Infectious Diseases,#98df8a,A79,icdcodes
76,76,A80 Acute poliomyelitis,415,I. Certain infectious and parasitic diseases,I. Infectious Diseases,#98df8a,A80,icdcodes
77,77,A81 Atypical virus infections of central nervous system,49,I. Certain infectious and parasitic diseases,I. Infectious Diseases,#98df8a,A81,icdcodes
78,78,A82 Rabies,16,I. Certain infectious and parasitic diseases,I. Infectious Diseases,#98df8a,A82,icdcodes
79,79,A83 Mosquito-borne viral encephalitis,26,I. Certain infectious and parasitic diseases,I. Infectious Diseases,#98df8a,A83,icdcodes
80,80,A84 Tick-borne viral encephalitis,6,I. Certain infectious and parasitic diseases,I. Infectious Diseases,#98df8a,A84,icdcodes
81,81,"A85 Other viral encephalitis, not elsewhere classified",11,I. Certain infectious and parasitic diseases,I. Infectious Diseases,#98df8a,A85,icdcodes
82,82,A86 Unspecified viral encephalitis,100,I. Certain infectious and parasitic diseases,I. Infectious Diseases,#98df8a,A86,icdcodes
83,83,A87 Viral meningitis,406,I. Certain infectious and parasitic diseases,I. Infectious Diseases,#98df8a,A87,icdcodes
84,84,"A88 Other viral infections of central nervous system, not elsewhere classified",20,I. Certain infectious and parasitic diseases,I. Infectious Diseases,#98df8a,A88,icdcodes
85,85,A89 Unspecified viral infection of central nervous system,31,I. Certain infectious and parasitic diseases,I. Infectious Diseases,#98df8a,A89,icdcodes
86,86,A90 Dengue fever [classical dengue],8,I. Certain infectious and parasitic diseases,I. Infectious Diseases,#98df8a,A90,icdcodes
87,87,A91 Dengue haemorrhagic fever,2,I. Certain infectious and parasitic diseases,I. Infectious Diseases,#98df8a,A91,icdcodes
88,88,A92 Other mosquito-borne viral fevers,9,I. Certain infectious and parasitic diseases,I. Infectious Diseases,#98df8a,A92,icdcodes
89,89,"A93 Other arthropod-borne viral fevers, not elsewhere classified",8,I. Certain infectious and parasitic diseases,I. Infectious Diseases,#98df8a,A93,icdcodes
90,90,A94 Unspecified arthropod-borne viral fever,2,I. Certain infectious and parasitic diseases,I. Infectious Diseases,#98df8a,A94,icdcodes
91,91,A95 Yellow fever,58,I. Certain infectious and parasitic diseases,I. Infectious Diseases,#98df8a,A95,icdcodes
92,92,A97 Dengue,32,I. Certain infectious and parasitic diseases,I. Infectious Diseases,#98df8a,A97,icdcodes
93,93,"A98 Other viral haemorrhagic fevers, not elsewhere classified",1,I. Certain infectious and parasitic diseases,I. Infectious Diseases,#98df8a,A98,icdcodes
94,94,B00 Herpesviral [herpes simplex] infections,3792,I. Certain infectious and parasitic diseases,I. Infectious Diseases,#98df8a,B00,icdcodes
95,95,B01 Varicella [chickenpox],9614,I. Certain infectious and parasitic diseases,I. Infectious Diseases,#98df8a,B01,icdcodes
96,96,B02 Zoster [herpes zoster],12959,I. Certain infectious and parasitic diseases,I. Infectious Diseases,#98df8a,B02,icdcodes
97,97,B03 Smallpox,13,I. Certain infectious and parasitic diseases,I. Infectious Diseases,#98df8a,B03,icdcodes
98,98,B05 Measles,6880,I. Certain infectious and parasitic diseases,I. Infectious Diseases,#98df8a,B05,icdcodes
99,99,B06 Rubella [german measles],2650,I. Certain infectious and parasitic diseases,I. Infectious Diseases,#98df8a,B06,icdcodes
100,100,B07 Viral warts,14183,I. Certain infectious and parasitic diseases,I. Infectious Diseases,#98df8a,B07,icdcodes
101,101,"B08 Other viral infections characterised by skin and mucous membrane lesions, not elsewhere classified",830,I. Certain infectious and parasitic diseases,I. Infectious Diseases,#98df8a,B08,icdcodes
102,102,B09 Unspecified viral infection characterised by skin and mucous membrane lesions,23,I. Certain infectious and parasitic diseases,I. Infectious Diseases,#98df8a,B09,icdcodes
103,103,B15 Acute hepatitis a,882,I. Certain infectious and parasitic diseases,I. Infectious Diseases,#98df8a,B15,icdcodes
104,104,B16 Acute hepatitis b,213,I. Certain infectious and parasitic diseases,I. Infectious Diseases,#98df8a,B16,icdcodes
105,105,B17 Other acute viral hepatitis,235,I. Certain infectious and parasitic diseases,I. Infectious Diseases,#98df8a,B17,icdcodes
106,106,B18 Chronic viral hepatitis,653,I. Certain infectious and parasitic diseases,I. Infectious Diseases,#98df8a,B18,icdcodes
107,107,B19 Unspecified viral hepatitis,1088,I. Certain infectious and parasitic diseases,I. Infectious Diseases,#98df8a,B19,icdcodes
108,108,B20 Human immunodeficiency virus [hiv] disease resulting in infectious and parasitic diseases,51,I. Certain infectious and parasitic diseases,I. Infectious Diseases,#98df8a,B20,icdcodes
109,109,B21 Human immunodeficiency virus [hiv] disease resulting in malignant neoplasms,10,I. Certain infectious and parasitic diseases,I. Infectious Diseases,#98df8a,B21,icdcodes
110,110,B22 Human immunodeficiency virus [hiv] disease resulting in other specified diseases,7,I. Certain infectious and parasitic diseases,I. Infectious Diseases,#98df8a,B22,icdcodes
111,111,B23 Human immunodeficiency virus [hiv] disease resulting in other conditions,27,I. Certain infectious and parasitic diseases,I. Infectious Diseases,#98df8a,B23,icdcodes
112,112,B24 Unspecified human immunodeficiency virus [hiv] disease,391,I. Certain infectious and parasitic diseases,I. Infectious Diseases,#98df8a,B24,icdcodes
113,113,B25 Cytomegaloviral disease,222,I. Certain infectious and parasitic diseases,I. Infectious Diseases,#98df8a,B25,icdcodes
114,114,B26 Mumps,4436,I. Certain infectious and parasitic diseases,I. Infectious Diseases,#98df8a,B26,icdcodes
115,115,B27 Infectious mononucleosis,2631,I. Certain infectious and parasitic diseases,I. Infectious Diseases,#98df8a,B27,icdcodes
116,116,B30 Viral conjunctivitis,163,I. Certain infectious and parasitic diseases,I. Infectious Diseases,#98df8a,B30,icdcodes
117,117,"B33 Other viral diseases, not elsewhere classified",203,I. Certain infectious and parasitic diseases,I. Infectious Diseases,#98df8a,B33,icdcodes
118,118,B34 Viral infection of unspecified site,9617,I. Certain infectious and parasitic diseases,I. Infectious Diseases,#98df8a,B34,icdcodes
119,119,B35 Dermatophytosis,26472,I. Certain infectious and parasitic diseases,I. Infectious Diseases,#98df8a,B35,icdcodes
120,120,B36 Other superficial mycoses,4598,I. Certain infectious and parasitic diseases,I. Infectious Diseases,#98df8a,B36,icdcodes
121,121,B37 Candidiasis,9367,I. Certain infectious and parasitic diseases,I. Infectious Diseases,#98df8a,B37,icdcodes
122,122,B38 Coccidioidomycosis,2,I. Certain infectious and parasitic diseases,I. Infectious Diseases,#98df8a,B38,icdcodes
123,123,B39 Histoplasmosis,8,I. Certain infectious and parasitic diseases,I. Infectious Diseases,#98df8a,B39,icdcodes
124,124,B40 Blastomycosis,1,I. Certain infectious and parasitic diseases,I. Infectious Diseases,#98df8a,B40,icdcodes
125,125,B42 Sporotrichosis,2,I. Certain infectious and parasitic diseases,I. Infectious Diseases,#98df8a,B42,icdcodes
126,126,B43 Chromomycosis and phaeomycotic abscess,2,I. Certain infectious and parasitic diseases,I. Infectious Diseases,#98df8a,B43,icdcodes
127,127,B44 Aspergillosis,338,I. Certain infectious and parasitic diseases,I. Infectious Diseases,#98df8a,B44,icdcodes
128,128,B45 Cryptococcosis,6,I. Certain infectious and parasitic diseases,I. Infectious Diseases,#98df8a,B45,icdcodes
129,129,B46 Zygomycosis,2,I. Certain infectious and parasitic diseases,I. Infectious Diseases,#98df8a,B46,icdcodes
130,130,B47 Mycetoma,18,I. Certain infectious and parasitic diseases,I. Infectious Diseases,#98df8a,B47,icdcodes
131,131,"B48 Other mycoses, not elsewhere classified",26,I. Certain infectious and parasitic diseases,I. Infectious Diseases,#98df8a,B48,icdcodes
132,132,B49 Unspecified mycosis,414,I. Certain infectious and parasitic diseases,I. Infectious Diseases,#98df8a,B49,icdcodes
133,133,B50 Plasmodium falciparum malaria,145,I. Certain infectious and parasitic diseases,I. Infectious Diseases,#98df8a,B50,icdcodes
134,134,B51 Plasmodium vivax malaria,34,I. Certain infectious and parasitic diseases,I. Infectious Diseases,#98df8a,B51,icdcodes
135,135,B52 Plasmodium malariae malaria,4,I. Certain infectious and parasitic diseases,I. Infectious Diseases,#98df8a,B52,icdcodes
136,136,B53 Other parasitologically confirmed malaria,4,I. Certain infectious and parasitic diseases,I. Infectious Diseases,#98df8a,B53,icdcodes
137,137,B54 Unspecified malaria,695,I. Certain infectious and parasitic diseases,I. Infectious Diseases,#98df8a,B54,icdcodes
138,138,B55 Leishmaniasis,16,I. Certain infectious and parasitic diseases,I. Infectious Diseases,#98df8a,B55,icdcodes
139,139,B57 Chagas' disease,1,I. Certain infectious and parasitic diseases,I. Infectious Diseases,#98df8a,B57,icdcodes
140,140,B58 Toxoplasmosis,45,I. Certain infectious and parasitic diseases,I. Infectious Diseases,#98df8a,B58,icdcodes
141,141,B59 Pneumocystosis,118,I. Certain infectious and parasitic diseases,I. Infectious Diseases,#98df8a,B59,icdcodes
142,142,"B60 Other protozoal diseases, not elsewhere classified",11,I. Certain infectious and parasitic diseases,I. Infectious Diseases,#98df8a,B60,icdcodes
143,143,B65 Schistosomiasis [bilharziasis],91,I. Certain infectious and parasitic diseases,I. Infectious Diseases,#98df8a,B65,icdcodes
144,144,B66 Other fluke infections,6,I. Certain infectious and parasitic diseases,I. Infectious Diseases,#98df8a,B66,icdcodes
145,145,B67 Echinococcosis,9,I. Certain infectious and parasitic diseases,I. Infectious Diseases,#98df8a,B67,icdcodes
146,146,B68 Taeniasis,7,I. Certain infectious and parasitic diseases,I. Infectious Diseases,#98df8a,B68,icdcodes
147,147,B69 Cysticercosis,6,I. Certain infectious and parasitic diseases,I. Infectious Diseases,#98df8a,B69,icdcodes
148,148,B71 Other cestode infections,12,I. Certain infectious and parasitic diseases,I. Infectious Diseases,#98df8a,B71,icdcodes
149,149,B73 Onchocerciasis,17,I. Certain infectious and parasitic diseases,I. Infectious Diseases,#98df8a,B73,icdcodes
150,150,B74 Filariasis,4,I. Certain infectious and parasitic diseases,I. Infectious Diseases,#98df8a,B74,icdcodes
151,151,B75 Trichinellosis,,I. Certain infectious and parasitic diseases,I. Infectious Diseases,#98df8a,B75,icdcodes
152,152,B76 Hookworm diseases,28,I. Certain infectious and parasitic diseases,I. Infectious Diseases,#98df8a,B76,icdcodes
153,153,B77 Ascariasis,9,I. Certain infectious and parasitic diseases,I. Infectious Diseases,#98df8a,B77,icdcodes
154,154,B78 Strongyloidiasis,6,I. Certain infectious and parasitic diseases,I. Infectious Diseases,#98df8a,B78,icdcodes
155,155,B79 Trichuriasis,4,I. Certain infectious and parasitic diseases,I. Infectious Diseases,#98df8a,B79,icdcodes
156,156,B80 Enterobiasis,592,I. Certain infectious and parasitic diseases,I. Infectious Diseases,#98df8a,B80,icdcodes
157,157,"B81 Other intestinal helminthiases, not elsewhere classified",14,I. Certain infectious and parasitic diseases,I. Infectious Diseases,#98df8a,B81,icdcodes
158,158,B82 Unspecified intestinal parasitism,73,I. Certain infectious and parasitic diseases,I. Infectious Diseases,#98df8a,B82,icdcodes
159,159,B83 Other helminthiases,62,I. Certain infectious and parasitic diseases,I. Infectious Diseases,#98df8a,B83,icdcodes
160,160,B85 Pediculosis and phthiriasis,258,I. Certain infectious and parasitic diseases,I. Infectious Diseases,#98df8a,B85,icdcodes
161,161,B86 Scabies,1933,I. Certain infectious and parasitic diseases,I. Infectious Diseases,#98df8a,B86,icdcodes
162,162,B87 Myiasis,6,I. Certain infectious and parasitic diseases,I. Infectious Diseases,#98df8a,B87,icdcodes
163,163,B88 Other infestations,146,I. Certain infectious and parasitic diseases,I. Infectious Diseases,#98df8a,B88,icdcodes
164,164,B89 Unspecified parasitic disease,4,I. Certain infectious and parasitic diseases,I. Infectious Diseases,#98df8a,B89,icdcodes
165,165,B90 Sequelae of tuberculosis,43,I. Certain infectious and parasitic diseases,I. Infectious Diseases,#98df8a,B90,icdcodes
166,166,B91 Sequelae of poliomyelitis,192,I. Certain infectious and parasitic diseases,I. Infectious Diseases,#98df8a,B91,icdcodes
167,167,B94 Sequelae of other and unspecified infectious and parasitic diseases,107,I. Certain infectious and parasitic diseases,I. Infectious Diseases,#98df8a,B94,icdcodes
168,168,B95 Streptococcus and staphylococcus as the cause of diseases classified to other chapters,6513,I. Certain infectious and parasitic diseases,I. Infectious Diseases,#98df8a,B95,icdcodes
169,169,B96 Other bacterial agents as the cause of diseases classified to other chapters,13531,I. Certain infectious and parasitic diseases,I. Infectious Diseases,#98df8a,B96,icdcodes
170,170,B97 Viral agents as the cause of diseases classified to other chapters,1528,I. Certain infectious and parasitic diseases,I. Infectious Diseases,#98df8a,B97,icdcodes
171,171,B98 Other specified infectious agents as the cause of diseases classified to other chapters,3483,I. Certain infectious and parasitic diseases,I. Infectious Diseases,#98df8a,B98,icdcodes
172,172,B99 Other and unspecified infectious diseases,769,I. Certain infectious and parasitic diseases,I. Infectious Diseases,#98df8a,B99,icdcodes
173,173,D50 Iron deficiency anaemia,22221,III. Diseases of the blood and blood-forming organs and certain disorders involving the immune mechanism,III. Blood & Immune Disorders,#ff9896,D50,icdcodes
174,174,D51 Vitamin b12 deficiency anaemia,2904,III. Diseases of the blood and blood-forming organs and certain disorders involving the immune mechanism,III. Blood & Immune Disorders,#ff9896,D51,icdcodes
175,175,D52 Folate deficiency anaemia,601,III. Diseases of the blood and blood-forming organs and certain disorders involving the immune mechanism,III. Blood & Immune Disorders,#ff9896,D52,icdcodes
176,176,D53 Other nutritional anaemias,202,III. Diseases of the blood and blood-forming organs and certain disorders involving the immune mechanism,III. Blood & Immune Disorders,#ff9896,D53,icdcodes
177,177,D55 Anaemia due to enzyme disorders,26,III. Diseases of the blood and blood-forming organs and certain disorders involving the immune mechanism,III. Blood & Immune Disorders,#ff9896,D55,icdcodes
178,178,D56 Thalassaemia,553,III. Diseases of the blood and blood-forming organs and certain disorders involving the immune mechanism,III. Blood & Immune Disorders,#ff9896,D56,icdcodes
179,179,D57 Sickle-cell disorders,548,III. Diseases of the blood and blood-forming organs and certain disorders involving the immune mechanism,III. Blood & Immune Disorders,#ff9896,D57,icdcodes
180,180,D58 Other hereditary haemolytic anaemias,224,III. Diseases of the blood and blood-forming organs and certain disorders involving the immune mechanism,III. Blood & Immune Disorders,#ff9896,D58,icdcodes
181,181,D59 Acquired haemolytic anaemia,270,III. Diseases of the blood and blood-forming organs and certain disorders involving the immune mechanism,III. Blood & Immune Disorders,#ff9896,D59,icdcodes
182,182,D60 Acquired pure red cell aplasia [erythroblastopenia],17,III. Diseases of the blood and blood-forming organs and certain disorders involving the immune mechanism,III. Blood & Immune Disorders,#ff9896,D60,icdcodes
183,183,D61 Other aplastic anaemias,1118,III. Diseases of the blood and blood-forming organs and certain disorders involving the immune mechanism,III. Blood & Immune Disorders,#ff9896,D61,icdcodes
184,184,D62 Acute posthaemorrhagic anaemia,350,III. Diseases of the blood and blood-forming organs and certain disorders involving the immune mechanism,III. Blood & Immune Disorders,#ff9896,D62,icdcodes
185,185,D63 Anaemia in chronic diseases classified elsewhere,1270,III. Diseases of the blood and blood-forming organs and certain disorders involving the immune mechanism,III. Blood & Immune Disorders,#ff9896,D63,icdcodes
186,186,D64 Other anaemias,23404,III. Diseases of the blood and blood-forming organs and certain disorders involving the immune mechanism,III. Blood & Immune Disorders,#ff9896,D64,icdcodes
187,187,D65 Disseminated intravascular coagulation [defibrination syndrome],70,III. Diseases of the blood and blood-forming organs and certain disorders involving the immune mechanism,III. Blood & Immune Disorders,#ff9896,D65,icdcodes
188,188,D66 Hereditary factor viii deficiency,112,III. Diseases of the blood and blood-forming organs and certain disorders involving the immune mechanism,III. Blood & Immune Disorders,#ff9896,D66,icdcodes
189,189,D67 Hereditary factor ix deficiency,24,III. Diseases of the blood and blood-forming organs and certain disorders involving the immune mechanism,III. Blood & Immune Disorders,#ff9896,D67,icdcodes
190,190,D68 Other coagulation defects,2007,III. Diseases of the blood and blood-forming organs and certain disorders involving the immune mechanism,III. Blood & Immune Disorders,#ff9896,D68,icdcodes
191,191,D69 Purpura and other haemorrhagic conditions,4077,III. Diseases of the blood and blood-forming organs and certain disorders involving the immune mechanism,III. Blood & Immune Disorders,#ff9896,D69,icdcodes
192,192,D70 Agranulocytosis,5577,III. Diseases of the blood and blood-forming organs and certain disorders involving the immune mechanism,III. Blood & Immune Disorders,#ff9896,D70,icdcodes
193,193,D71 Functional disorders of polymorphonuclear neutrophils,27,III. Diseases of the blood and blood-forming organs and certain disorders involving the immune mechanism,III. Blood & Immune Disorders,#ff9896,D71,icdcodes
194,194,D72 Other disorders of white blood cells,1124,III. Diseases of the blood and blood-forming organs and certain disorders involving the immune mechanism,III. Blood & Immune Disorders,#ff9896,D72,icdcodes
195,195,D73 Diseases of spleen,945,III. Diseases of the blood and blood-forming organs and certain disorders involving the immune mechanism,III. Blood & Immune Disorders,#ff9896,D73,icdcodes
196,196,D74 Methaemoglobinaemia,7,III. Diseases of the blood and blood-forming organs and certain disorders involving the immune mechanism,III. Blood & Immune Disorders,#ff9896,D74,icdcodes
197,197,D75 Other diseases of blood and blood-forming organs,1837,III. Diseases of the blood and blood-forming organs and certain disorders involving the immune mechanism,III. Blood & Immune Disorders,#ff9896,D75,icdcodes
198,198,D76 Certain diseases involving lymphoreticular tissue and reticulohistiocytic system,95,III. Diseases of the blood and blood-forming organs and certain disorders involving the immune mechanism,III. Blood & Immune Disorders,#ff9896,D76,icdcodes
199,199,D77 Other disorders of blood and blood-forming organs in diseases classified elsewhere,5,III. Diseases of the blood and blood-forming organs and certain disorders involving the immune mechanism,III. Blood & Immune Disorders,#ff9896,D77,icdcodes
200,200,D80 Immunodeficiency with predominantly antibody defects,315,III. Diseases of the blood and blood-forming organs and certain disorders involving the immune mechanism,III. Blood & Immune Disorders,#ff9896,D80,icdcodes
201,201,D81 Combined immunodeficiencies,11,III. Diseases of the blood and blood-forming organs and certain disorders involving the immune mechanism,III. Blood & Immune Disorders,#ff9896,D81,icdcodes
202,202,D82 Immunodeficiency associated with other major defects,34,III. Diseases of the blood and blood-forming organs and certain disorders involving the immune mechanism,III. Blood & Immune Disorders,#ff9896,D82,icdcodes
203,203,D83 Common variable immunodeficiency,36,III. Diseases of the blood and blood-forming organs and certain disorders involving the immune mechanism,III. Blood & Immune Disorders,#ff9896,D83,icdcodes
204,204,D84 Other immunodeficiencies,143,III. Diseases of the blood and blood-forming organs and certain disorders involving the immune mechanism,III. Blood & Immune Disorders,#ff9896,D84,icdcodes
205,205,D86 Sarcoidosis,1626,III. Diseases of the blood and blood-forming organs and certain disorders involving the immune mechanism,III. Blood & Immune Disorders,#ff9896,D86,icdcodes
206,206,"D89 Other disorders involving the immune mechanism, not elsewhere classified",559,III. Diseases of the blood and blood-forming organs and certain disorders involving the immune mechanism,III. Blood & Immune Disorders,#ff9896,D89,icdcodes
207,207,E01 Iodine-deficiency-related thyroid disorders and allied conditions,85,"IV. Endocrine, nutritional and metabolic diseases",IV. Metabolic Diseases,#2ca02c,E01,icdcodes
208,208,E02 Subclinical iodine-deficiency hypothyroidism,115,"IV. Endocrine, nutritional and metabolic diseases",IV. Metabolic Diseases,#2ca02c,E02,icdcodes
209,209,E03 Other hypothyroidism,30100,"IV. Endocrine, nutritional and metabolic diseases",IV. Metabolic Diseases,#2ca02c,E03,icdcodes
210,210,E04 Other non-toxic goitre,4190,"IV. Endocrine, nutritional and metabolic diseases",IV. Metabolic Diseases,#2ca02c,E04,icdcodes
211,211,E05 Thyrotoxicosis [hyperthyroidism],6343,"IV. Endocrine, nutritional and metabolic diseases",IV. Metabolic Diseases,#2ca02c,E05,icdcodes
212,212,E06 Thyroiditis,1052,"IV. Endocrine, nutritional and metabolic diseases",IV. Metabolic Diseases,#2ca02c,E06,icdcodes
213,213,E07 Other disorders of thyroid,1876,"IV. Endocrine, nutritional and metabolic diseases",IV. Metabolic Diseases,#2ca02c,E07,icdcodes
214,214,E10 Insulin-dependent diabetes mellitus,4050,"IV. Endocrine, nutritional and metabolic diseases",IV. Metabolic Diseases,#2ca02c,E10,icdcodes
215,215,E11 Non-insulin-dependent diabetes mellitus,32738,"IV. Endocrine, nutritional and metabolic diseases",IV. Metabolic Diseases,#2ca02c,E11,icdcodes
216,216,E12 Malnutrition-related diabetes mellitus,5,"IV. Endocrine, nutritional and metabolic diseases",IV. Metabolic Diseases,#2ca02c,E12,icdcodes
217,217,E13 Other specified diabetes mellitus,394,"IV. Endocrine, nutritional and metabolic diseases",IV. Metabolic Diseases,#2ca02c,E13,icdcodes
218,218,E14 Unspecified diabetes mellitus,20057,"IV. Endocrine, nutritional and metabolic diseases",IV. Metabolic Diseases,#2ca02c,E14,icdcodes
219,219,E15 Nondiabetic hypoglycaemic coma,27,"IV. Endocrine, nutritional and metabolic diseases",IV. Metabolic Diseases,#2ca02c,E15,icdcodes
220,220,E16 Other disorders of pancreatic internal secretion,3293,"IV. Endocrine, nutritional and metabolic diseases",IV. Metabolic Diseases,#2ca02c,E16,icdcodes
221,221,E20 Hypoparathyroidism,193,"IV. Endocrine, nutritional and metabolic diseases",IV. Metabolic Diseases,#2ca02c,E20,icdcodes
222,222,E21 Hyperparathyroidism and other disorders of parathyroid gland,1855,"IV. Endocrine, nutritional and metabolic diseases",IV. Metabolic Diseases,#2ca02c,E21,icdcodes
223,223,E22 Hyperfunction of pituitary gland,825,"IV. Endocrine, nutritional and metabolic diseases",IV. Metabolic Diseases,#2ca02c,E22,icdcodes
224,224,E23 Hypofunction and other disorders of pituitary gland,990,"IV. Endocrine, nutritional and metabolic diseases",IV. Metabolic Diseases,#2ca02c,E23,icdcodes
225,225,E24 Cushing's syndrome,188,"IV. Endocrine, nutritional and metabolic diseases",IV. Metabolic Diseases,#2ca02c,E24,icdcodes
226,226,E25 Adrenogenital disorders,29,"IV. Endocrine, nutritional and metabolic diseases",IV. Metabolic Diseases,#2ca02c,E25,icdcodes
227,227,E26 Hyperaldosteronism,138,"IV. Endocrine, nutritional and metabolic diseases",IV. Metabolic Diseases,#2ca02c,E26,icdcodes
228,228,E27 Other disorders of adrenal gland,1112,"IV. Endocrine, nutritional and metabolic diseases",IV. Metabolic Diseases,#2ca02c,E27,icdcodes
229,229,E28 Ovarian dysfunction,1819,"IV. Endocrine, nutritional and metabolic diseases",IV. Metabolic Diseases,#2ca02c,E28,icdcodes
230,230,E29 Testicular dysfunction,479,"IV. Endocrine, nutritional and metabolic diseases",IV. Metabolic Diseases,#2ca02c,E29,icdcodes
231,231,"E30 Disorders of puberty, not elsewhere classified",15,"IV. Endocrine, nutritional and metabolic diseases",IV. Metabolic Diseases,#2ca02c,E30,icdcodes
232,232,E31 Polyglandular dysfunction,18,"IV. Endocrine, nutritional and metabolic diseases",IV. Metabolic Diseases,#2ca02c,E31,icdcodes
233,233,E32 Diseases of thymus,32,"IV. Endocrine, nutritional and metabolic diseases",IV. Metabolic Diseases,#2ca02c,E32,icdcodes
234,234,E34 Other endocrine disorders,320,"IV. Endocrine, nutritional and metabolic diseases",IV. Metabolic Diseases,#2ca02c,E34,icdcodes
235,235,E35 Disorders of endocrine glands in diseases classified elsewhere,4,"IV. Endocrine, nutritional and metabolic diseases",IV. Metabolic Diseases,#2ca02c,E35,icdcodes
236,236,E41 Nutritional marasmus,14,"IV. Endocrine, nutritional and metabolic diseases",IV. Metabolic Diseases,#2ca02c,E41,icdcodes
237,237,E43 Unspecified severe protein-energy malnutrition,11,"IV. Endocrine, nutritional and metabolic diseases",IV. Metabolic Diseases,#2ca02c,E43,icdcodes
238,238,E44 Protein-energy malnutrition of moderate and mild degree,5,"IV. Endocrine, nutritional and metabolic diseases",IV. Metabolic Diseases,#2ca02c,E44,icdcodes
239,239,E45 Retarded development following protein-energy malnutrition,,"IV. Endocrine, nutritional and metabolic diseases",IV. Metabolic Diseases,#2ca02c,E45,icdcodes
240,240,E46 Unspecified protein-energy malnutrition,420,"IV. Endocrine, nutritional and metabolic diseases",IV. Metabolic Diseases,#2ca02c,E46,icdcodes
241,241,E50 Vitamin a deficiency,9,"IV. Endocrine, nutritional and metabolic diseases",IV. Metabolic Diseases,#2ca02c,E50,icdcodes
242,242,E51 Thiamine deficiency,47,"IV. Endocrine, nutritional and metabolic diseases",IV. Metabolic Diseases,#2ca02c,E51,icdcodes
243,243,E52 Niacin deficiency [pellagra],4,"IV. Endocrine, nutritional and metabolic diseases",IV. Metabolic Diseases,#2ca02c,E52,icdcodes
244,244,E53 Deficiency of other b group vitamins,3042,"IV. Endocrine, nutritional and metabolic diseases",IV. Metabolic Diseases,#2ca02c,E53,icdcodes
245,245,E54 Ascorbic acid deficiency,18,"IV. Endocrine, nutritional and metabolic diseases",IV. Metabolic Diseases,#2ca02c,E54,icdcodes
246,246,E55 Vitamin d deficiency,3799,"IV. Endocrine, nutritional and metabolic diseases",IV. Metabolic Diseases,#2ca02c,E55,icdcodes
247,247,E56 Other vitamin deficiencies,247,"IV. Endocrine, nutritional and metabolic diseases",IV. Metabolic Diseases,#2ca02c,E56,icdcodes
248,248,E58 Dietary calcium deficiency,39,"IV. Endocrine, nutritional and metabolic diseases",IV. Metabolic Diseases,#2ca02c,E58,icdcodes
249,249,E59 Dietary selenium deficiency,2,"IV. Endocrine, nutritional and metabolic diseases",IV. Metabolic Diseases,#2ca02c,E59,icdcodes
250,250,E60 Dietary zinc deficiency,19,"IV. Endocrine, nutritional and metabolic diseases",IV. Metabolic Diseases,#2ca02c,E60,icdcodes
251,251,E61 Deficiency of other nutrient elements,1028,"IV. Endocrine, nutritional and metabolic diseases",IV. Metabolic Diseases,#2ca02c,E61,icdcodes
252,252,E63 Other nutritional deficiencies,41,"IV. Endocrine, nutritional and metabolic diseases",IV. Metabolic Diseases,#2ca02c,E63,icdcodes
253,253,E64 Sequelae of malnutrition and other nutritional deficiencies,3,"IV. Endocrine, nutritional and metabolic diseases",IV. Metabolic Diseases,#2ca02c,E64,icdcodes
254,254,E65 Localised adiposity,116,"IV. Endocrine, nutritional and metabolic diseases",IV. Metabolic Diseases,#2ca02c,E65,icdcodes
255,255,E66 Obesity,35645,"IV. Endocrine, nutritional and metabolic diseases",IV. Metabolic Diseases,#2ca02c,E66,icdcodes
256,256,E67 Other hyperalimentation,10,"IV. Endocrine, nutritional and metabolic diseases",IV. Metabolic Diseases,#2ca02c,E67,icdcodes
257,257,E68 Sequelae of hyperalimentation,,"IV. Endocrine, nutritional and metabolic diseases",IV. Metabolic Diseases,#2ca02c,E68,icdcodes
258,258,E70 Disorders of aromatic amino-acid metabolism,57,"IV. Endocrine, nutritional and metabolic diseases",IV. Metabolic Diseases,#2ca02c,E70,icdcodes
259,259,E71 Disorders of branched-chain amino-acid metabolism and fatty-acid metabolism,12,"IV. Endocrine, nutritional and metabolic diseases",IV. Metabolic Diseases,#2ca02c,E71,icdcodes
260,260,E72 Other disorders of amino-acid metabolism,78,"IV. Endocrine, nutritional and metabolic diseases",IV. Metabolic Diseases,#2ca02c,E72,icdcodes
261,261,E73 Lactose intolerance,398,"IV. Endocrine, nutritional and metabolic diseases",IV. Metabolic Diseases,#2ca02c,E73,icdcodes
262,262,E74 Other disorders of carbohydrate metabolism,345,"IV. Endocrine, nutritional and metabolic diseases",IV. Metabolic Diseases,#2ca02c,E74,icdcodes
263,263,E75 Disorders of sphingolipid metabolism and other lipid storage disorders,93,"IV. Endocrine, nutritional and metabolic diseases",IV. Metabolic Diseases,#2ca02c,E75,icdcodes
264,264,E76 Disorders of glycosaminoglycan metabolism,7,"IV. Endocrine, nutritional and metabolic diseases",IV. Metabolic Diseases,#2ca02c,E76,icdcodes
265,265,E77 Disorders of glycoprotein metabolism,20,"IV. Endocrine, nutritional and metabolic diseases",IV. Metabolic Diseases,#2ca02c,E77,icdcodes
266,266,E78 Disorders of lipoprotein metabolism and other lipidaemias,92742,"IV. Endocrine, nutritional and metabolic diseases",IV. Metabolic Diseases,#2ca02c,E78,icdcodes
267,267,E79 Disorders of purine and pyrimidine metabolism,427,"IV. Endocrine, nutritional and metabolic diseases",IV. Metabolic Diseases,#2ca02c,E79,icdcodes
268,268,E80 Disorders of porphyrin and bilirubin metabolism,1406,"IV. Endocrine, nutritional and metabolic diseases",IV. Metabolic Diseases,#2ca02c,E80,icdcodes
269,269,E83 Disorders of mineral metabolism,5775,"IV. Endocrine, nutritional and metabolic diseases",IV. Metabolic Diseases,#2ca02c,E83,icdcodes
270,270,E84 Cystic fibrosis,111,"IV. Endocrine, nutritional and metabolic diseases",IV. Metabolic Diseases,#2ca02c,E84,icdcodes
271,271,E85 Amyloidosis,317,"IV. Endocrine, nutritional and metabolic diseases",IV. Metabolic Diseases,#2ca02c,E85,icdcodes
272,272,E86 Volume depletion,7017,"IV. Endocrine, nutritional and metabolic diseases",IV. Metabolic Diseases,#2ca02c,E86,icdcodes
273,273,"E87 Other disorders of fluid, electrolyte and acid-base balance",15861,"IV. Endocrine, nutritional and metabolic diseases",IV. Metabolic Diseases,#2ca02c,E87,icdcodes
274,274,E88 Other metabolic disorders,1114,"IV. Endocrine, nutritional and metabolic diseases",IV. Metabolic Diseases,#2ca02c,E88,icdcodes
275,275,"E89 Postprocedural endocrine and metabolic disorders, not elsewhere classified",2536,"IV. Endocrine, nutritional and metabolic diseases",IV. Metabolic Diseases,#2ca02c,E89,icdcodes
276,276,F00 Dementia in alzheimer's disease,1341,V. Mental and behavioural disorders,V. Mental Disorders,#9edae5,F00,icdcodes
277,277,F01 Vascular dementia,1028,V. Mental and behavioural disorders,V. Mental Disorders,#9edae5,F01,icdcodes
278,278,F02 Dementia in other diseases classified elsewhere,567,V. Mental and behavioural disorders,V. Mental Disorders,#9edae5,F02,icdcodes
279,279,F03 Unspecified dementia,2352,V. Mental and behavioural disorders,V. Mental Disorders,#9edae5,F03,icdcodes
280,280,"F04 Organic amnesic syndrome, not induced by alcohol and other psychoactive substances",19,V. Mental and behavioural disorders,V. Mental Disorders,#9edae5,F04,icdcodes
281,281,"F05 Delirium, not induced by alcohol and other psychoactive substances",3691,V. Mental and behavioural disorders,V. Mental Disorders,#9edae5,F05,icdcodes
282,282,F06 Other mental disorders due to brain damage and dysfunction and to physical disease,912,V. Mental and behavioural disorders,V. Mental Disorders,#9edae5,F06,icdcodes
283,283,"F07 Personality and behavioural disorders due to brain disease, damage and dysfunction",180,V. Mental and behavioural disorders,V. Mental Disorders,#9edae5,F07,icdcodes
284,284,F09 Unspecified organic or symptomatic mental disorder,391,V. Mental and behavioural disorders,V. Mental Disorders,#9edae5,F09,icdcodes
285,285,F10 Mental and behavioural disorders due to use of alcohol,9391,V. Mental and behavioural disorders,V. Mental Disorders,#9edae5,F10,icdcodes
286,286,F11 Mental and behavioural disorders due to use of opioids,255,V. Mental and behavioural disorders,V. Mental Disorders,#9edae5,F11,icdcodes
287,287,F12 Mental and behavioural disorders due to use of cannabinoids,306,V. Mental and behavioural disorders,V. Mental Disorders,#9edae5,F12,icdcodes
288,288,F13 Mental and behavioural disorders due to use of sedatives or hypnotics,217,V. Mental and behavioural disorders,V. Mental Disorders,#9edae5,F13,icdcodes
289,289,F14 Mental and behavioural disorders due to use of cocaine,62,V. Mental and behavioural disorders,V. Mental Disorders,#9edae5,F14,icdcodes
290,290,"F15 Mental and behavioural disorders due to use of other stimulants, including caffeine",60,V. Mental and behavioural disorders,V. Mental Disorders,#9edae5,F15,icdcodes
291,291,F16 Mental and behavioural disorders due to use of hallucinogens,30,V. Mental and behavioural disorders,V. Mental Disorders,#9edae5,F16,icdcodes
292,292,F17 Mental and behavioural disorders due to use of tobacco,34472,V. Mental and behavioural disorders,V. Mental Disorders,#9edae5,F17,icdcodes
293,293,F18 Mental and behavioural disorders due to use of volatile solvents,7,V. Mental and behavioural disorders,V. Mental Disorders,#9edae5,F18,icdcodes
294,294,F19 Mental and behavioural disorders due to multiple drug use and use of other psychoactive substances,243,V. Mental and behavioural disorders,V. Mental Disorders,#9edae5,F19,icdcodes
295,295,F20 Schizophrenia,1043,V. Mental and behavioural disorders,V. Mental Disorders,#9edae5,F20,icdcodes
296,296,F21 Schizotypal disorder,19,V. Mental and behavioural disorders,V. Mental Disorders,#9edae5,F21,icdcodes
297,297,F22 Persistent delusional disorders,417,V. Mental and behavioural disorders,V. Mental Disorders,#9edae5,F22,icdcodes
298,298,F23 Acute and transient psychotic disorders,236,V. Mental and behavioural disorders,V. Mental Disorders,#9edae5,F23,icdcodes
299,299,F24 Induced delusional disorder,3,V. Mental and behavioural disorders,V. Mental Disorders,#9edae5,F24,icdcodes
300,300,F25 Schizoaffective disorders,260,V. Mental and behavioural disorders,V. Mental Disorders,#9edae5,F25,icdcodes
301,301,F28 Other nonorganic psychotic disorders,11,V. Mental and behavioural disorders,V. Mental Disorders,#9edae5,F28,icdcodes
302,302,F29 Unspecified nonorganic psychosis,461,V. Mental and behavioural disorders,V. Mental Disorders,#9edae5,F29,icdcodes
303,303,F30 Manic episode,385,V. Mental and behavioural disorders,V. Mental Disorders,#9edae5,F30,icdcodes
304,304,F31 Bipolar affective disorder,1566,V. Mental and behavioural disorders,V. Mental Disorders,#9edae5,F31,icdcodes
305,305,F32 Depressive episode,46169,V. Mental and behavioural disorders,V. Mental Disorders,#9edae5,F32,icdcodes
306,306,F33 Recurrent depressive disorder,3026,V. Mental and behavioural disorders,V. Mental Disorders,#9edae5,F33,icdcodes
307,307,F34 Persistent mood [affective] disorders,736,V. Mental and behavioural disorders,V. Mental Disorders,#9edae5,F34,icdcodes
308,308,F38 Other mood [affective] disorders,129,V. Mental and behavioural disorders,V. Mental Disorders,#9edae5,F38,icdcodes
309,309,F39 Unspecified mood [affective] disorder,722,V. Mental and behavioural disorders,V. Mental Disorders,#9edae5,F39,icdcodes
310,310,F40 Phobic anxiety disorders,3145,V. Mental and behavioural disorders,V. Mental Disorders,#9edae5,F40,icdcodes
311,311,F41 Other anxiety disorders,23991,V. Mental and behavioural disorders,V. Mental Disorders,#9edae5,F41,icdcodes
312,312,F42 Obsessive-compulsive disorder,702,V. Mental and behavioural disorders,V. Mental Disorders,#9edae5,F42,icdcodes
313,313,"F43 Reaction to severe stress, and adjustment disorders",11680,V. Mental and behavioural disorders,V. Mental Disorders,#9edae5,F43,icdcodes
314,314,F44 Dissociative [conversion] disorders,272,V. Mental and behavioural disorders,V. Mental Disorders,#9edae5,F44,icdcodes
315,315,F45 Somatoform disorders,2451,V. Mental and behavioural disorders,V. Mental Disorders,#9edae5,F45,icdcodes
316,316,F48 Other neurotic disorders,304,V. Mental and behavioural disorders,V. Mental Disorders,#9edae5,F48,icdcodes
317,317,F50 Eating disorders,752,V. Mental and behavioural disorders,V. Mental Disorders,#9edae5,F50,icdcodes
318,318,F51 Nonorganic sleep disorders,453,V. Mental and behavioural disorders,V. Mental Disorders,#9edae5,F51,icdcodes
319,319,"F52 Sexual dysfunction, not caused by organic disorder or disease",1912,V. Mental and behavioural disorders,V. Mental Disorders,#9edae5,F52,icdcodes
320,320,"F53 Mental and behavioural disorders associated with the puerperium, not elsewhere classified",1009,V. Mental and behavioural disorders,V. Mental Disorders,#9edae5,F53,icdcodes
321,321,F54 Psychological and behavioural factors associated with disorders or diseases classified elsewhere,10,V. Mental and behavioural disorders,V. Mental Disorders,#9edae5,F54,icdcodes
322,322,F55 Abuse of non-dependence-producing substances,24,V. Mental and behavioural disorders,V. Mental Disorders,#9edae5,F55,icdcodes
323,323,F59 Unspecified behavioural syndromes associated with physiological disturbances and physical factors,3,V. Mental and behavioural disorders,V. Mental Disorders,#9edae5,F59,icdcodes
324,324,F60 Specific personality disorders,628,V. Mental and behavioural disorders,V. Mental Disorders,#9edae5,F60,icdcodes
325,325,F61 Mixed and other personality disorders,29,V. Mental and behavioural disorders,V. Mental Disorders,#9edae5,F61,icdcodes
326,326,"F62 Enduring personality changes, not attributable to brain damage and disease",36,V. Mental and behavioural disorders,V. Mental Disorders,#9edae5,F62,icdcodes
327,327,F63 Habit and impulse disorders,44,V. Mental and behavioural disorders,V. Mental Disorders,#9edae5,F63,icdcodes
328,328,F64 Gender identity disorders,74,V. Mental and behavioural disorders,V. Mental Disorders,#9edae5,F64,icdcodes
329,329,F65 Disorders of sexual preference,25,V. Mental and behavioural disorders,V. Mental Disorders,#9edae5,F65,icdcodes
330,330,F66 Psychological and behavioural disorders associated with sexual development and orientation,302,V. Mental and behavioural disorders,V. Mental Disorders,#9edae5,F66,icdcodes
331,331,F68 Other disorders of adult personality and behaviour,12,V. Mental and behavioural disorders,V. Mental Disorders,#9edae5,F68,icdcodes
332,332,F69 Unspecified disorder of adult personality and behaviour,123,V. Mental and behavioural disorders,V. Mental Disorders,#9edae5,F69,icdcodes
333,333,F70 Mild mental retardation,50,V. Mental and behavioural disorders,V. Mental Disorders,#9edae5,F70,icdcodes
334,334,F71 Moderate mental retardation,10,V. Mental and behavioural disorders,V. Mental Disorders,#9edae5,F71,icdcodes
335,335,F72 Severe mental retardation,3,V. Mental and behavioural disorders,V. Mental Disorders,#9edae5,F72,icdcodes
336,336,F78 Other mental retardation,2,V. Mental and behavioural disorders,V. Mental Disorders,#9edae5,F78,icdcodes
337,337,F79 Unspecified mental retardation,101,V. Mental and behavioural disorders,V. Mental Disorders,#9edae5,F79,icdcodes
338,338,F80 Specific developmental disorders of speech and language,247,V. Mental and behavioural disorders,V. Mental Disorders,#9edae5,F80,icdcodes
339,339,F81 Specific developmental disorders of scholastic skills,360,V. Mental and behavioural disorders,V. Mental Disorders,#9edae5,F81,icdcodes
340,340,F82 Specific developmental disorder of motor function,15,V. Mental and behavioural disorders,V. Mental Disorders,#9edae5,F82,icdcodes
341,341,F83 Mixed specific developmental disorders,1,V. Mental and behavioural disorders,V. Mental Disorders,#9edae5,F83,icdcodes
342,342,F84 Pervasive developmental disorders,206,V. Mental and behavioural disorders,V. Mental Disorders,#9edae5,F84,icdcodes
343,343,F88 Other disorders of psychological development,2,V. Mental and behavioural disorders,V. Mental Disorders,#9edae5,F88,icdcodes
344,344,F89 Unspecified disorder of psychological development,6,V. Mental and behavioural disorders,V. Mental Disorders,#9edae5,F89,icdcodes
345,345,F90 Hyperkinetic disorders,49,V. Mental and behavioural disorders,V. Mental Disorders,#9edae5,F90,icdcodes
346,346,F91 Conduct disorders,118,V. Mental and behavioural disorders,V. Mental Disorders,#9edae5,F91,icdcodes
347,347,F92 Mixed disorders of conduct and emotions,6,V. Mental and behavioural disorders,V. Mental Disorders,#9edae5,F92,icdcodes
348,348,F93 Emotional disorders with onset specific to childhood,22,V. Mental and behavioural disorders,V. Mental Disorders,#9edae5,F93,icdcodes
349,349,F94 Disorders of social functioning with onset specific to childhood and adolescence,3,V. Mental and behavioural disorders,V. Mental Disorders,#9edae5,F94,icdcodes
350,350,F95 Tic disorders,39,V. Mental and behavioural disorders,V. Mental Disorders,#9edae5,F95,icdcodes
351,351,F98 Other behavioural and emotional disorders with onset usually occurring in childhood and adolescence,132,V. Mental and behavioural disorders,V. Mental Disorders,#9edae5,F98,icdcodes
352,352,"F99 Mental disorder, not otherwise specified",350,V. Mental and behavioural disorders,V. Mental Disorders,#9edae5,F99,icdcodes
353,353,"G00 Bacterial meningitis, not elsewhere classified",176,VI. Diseases of the nervous system,VI. Nervous System Diseases,#7f7f7f,G00,icdcodes
354,354,G01 Meningitis in bacterial diseases classified elsewhere,43,VI. Diseases of the nervous system,VI. Nervous System Diseases,#7f7f7f,G01,icdcodes
355,355,G02 Meningitis in other infectious and parasitic diseases classified elsewhere,74,VI. Diseases of the nervous system,VI. Nervous System Diseases,#7f7f7f,G02,icdcodes
356,356,G03 Meningitis due to other and unspecified causes,1912,VI. Diseases of the nervous system,VI. Nervous System Diseases,#7f7f7f,G03,icdcodes
357,357,"G04 Encephalitis, myelitis and encephalomyelitis",620,VI. Diseases of the nervous system,VI. Nervous System Diseases,#7f7f7f,G04,icdcodes
358,358,"G05 Encephalitis, myelitis and encephalomyelitis in diseases classified elsewhere",79,VI. Diseases of the nervous system,VI. Nervous System Diseases,#7f7f7f,G05,icdcodes
359,359,G06 Intracranial and intraspinal abscess and granuloma,281,VI. Diseases of the nervous system,VI. Nervous System Diseases,#7f7f7f,G06,icdcodes
360,360,G07 Intracranial and intraspinal abscess and granuloma in diseases classified elsewhere,4,VI. Diseases of the nervous system,VI. Nervous System Diseases,#7f7f7f,G07,icdcodes
361,361,G08 Intracranial and intraspinal phlebitis and thrombophlebitis,84,VI. Diseases of the nervous system,VI. Nervous System Diseases,#7f7f7f,G08,icdcodes
362,362,G09 Sequelae of inflammatory diseases of central nervous system,78,VI. Diseases of the nervous system,VI. Nervous System Diseases,#7f7f7f,G09,icdcodes
363,363,G10 Huntington's disease,41,VI. Diseases of the nervous system,VI. Nervous System Diseases,#7f7f7f,G10,icdcodes
364,364,G11 Hereditary ataxia,306,VI. Diseases of the nervous system,VI. Nervous System Diseases,#7f7f7f,G11,icdcodes
365,365,G12 Spinal muscular atrophy and related syndromes,513,VI. Diseases of the nervous system,VI. Nervous System Diseases,#7f7f7f,G12,icdcodes
366,366,G13 Systemic atrophies primarily affecting central nervous system in diseases classified elsewhere,22,VI. Diseases of the nervous system,VI. Nervous System Diseases,#7f7f7f,G13,icdcodes
367,367,G14 Postpolio syndrome,61,VI. Diseases of the nervous system,VI. Nervous System Diseases,#7f7f7f,G14,icdcodes
368,368,G20 Parkinson's disease,2723,VI. Diseases of the nervous system,VI. Nervous System Diseases,#7f7f7f,G20,icdcodes
369,369,G21 Secondary parkinsonism,180,VI. Diseases of the nervous system,VI. Nervous System Diseases,#7f7f7f,G21,icdcodes
370,370,G22 Parkinsonism in diseases classified elsewhere,3,VI. Diseases of the nervous system,VI. Nervous System Diseases,#7f7f7f,G22,icdcodes
371,371,G23 Other degenerative diseases of basal ganglia,202,VI. Diseases of the nervous system,VI. Nervous System Diseases,#7f7f7f,G23,icdcodes
372,372,G24 Dystonia,957,VI. Diseases of the nervous system,VI. Nervous System Diseases,#7f7f7f,G24,icdcodes
373,373,G25 Other extrapyramidal and movement disorders,4177,VI. Diseases of the nervous system,VI. Nervous System Diseases,#7f7f7f,G25,icdcodes
374,374,G30 Alzheimer's disease,1915,VI. Diseases of the nervous system,VI. Nervous System Diseases,#7f7f7f,G30,icdcodes
375,375,"G31 Other degenerative diseases of nervous system, not elsewhere classified",1857,VI. Diseases of the nervous system,VI. Nervous System Diseases,#7f7f7f,G31,icdcodes
376,376,G32 Other degenerative disorders of nervous system in diseases classified elsewhere,40,VI. Diseases of the nervous system,VI. Nervous System Diseases,#7f7f7f,G32,icdcodes
377,377,G35 Multiple sclerosis,1968,VI. Diseases of the nervous system,VI. Nervous System Diseases,#7f7f7f,G35,icdcodes
378,378,G36 Other acute disseminated demyelination,30,VI. Diseases of the nervous system,VI. Nervous System Diseases,#7f7f7f,G36,icdcodes
379,379,G37 Other demyelinating diseases of central nervous system,506,VI. Diseases of the nervous system,VI. Nervous System Diseases,#7f7f7f,G37,icdcodes
380,380,G40 Epilepsy,6575,VI. Diseases of the nervous system,VI. Nervous System Diseases,#7f7f7f,G40,icdcodes
381,381,G41 Status epilepticus,247,VI. Diseases of the nervous system,VI. Nervous System Diseases,#7f7f7f,G41,icdcodes
382,382,G43 Migraine,20508,VI. Diseases of the nervous system,VI. Nervous System Diseases,#7f7f7f,G43,icdcodes
383,383,G44 Other headache syndromes,4740,VI. Diseases of the nervous system,VI. Nervous System Diseases,#7f7f7f,G44,icdcodes
384,384,G45 Transient cerebral ischaemic attacks and related syndromes,7401,VI. Diseases of the nervous system,VI. Nervous System Diseases,#7f7f7f,G45,icdcodes
385,385,G46 Vascular syndromes of brain in cerebrovascular diseases,202,VI. Diseases of the nervous system,VI. Nervous System Diseases,#7f7f7f,G46,icdcodes
386,386,G47 Sleep disorders,15217,VI. Diseases of the nervous system,VI. Nervous System Diseases,#7f7f7f,G47,icdcodes
387,387,G50 Disorders of trigeminal nerve,2532,VI. Diseases of the nervous system,VI. Nervous System Diseases,#7f7f7f,G50,icdcodes
388,388,G51 Facial nerve disorders,2758,VI. Diseases of the nervous system,VI. Nervous System Diseases,#7f7f7f,G51,icdcodes
389,389,G52 Disorders of other cranial nerves,372,VI. Diseases of the nervous system,VI. Nervous System Diseases,#7f7f7f,G52,icdcodes
390,390,G53 Cranial nerve disorders in diseases classified elsewhere,175,VI. Diseases of the nervous system,VI. Nervous System Diseases,#7f7f7f,G53,icdcodes
391,391,G54 Nerve root and plexus disorders,1086,VI. Diseases of the nervous system,VI. Nervous System Diseases,#7f7f7f,G54,icdcodes
392,392,G55 Nerve root and plexus compressions in diseases classified elsewhere,6587,VI. Diseases of the nervous system,VI. Nervous System Diseases,#7f7f7f,G55,icdcodes
393,393,G56 Mononeuropathies of upper limb,19724,VI. Diseases of the nervous system,VI. Nervous System Diseases,#7f7f7f,G56,icdcodes
394,394,G57 Mononeuropathies of lower limb,4142,VI. Diseases of the nervous system,VI. Nervous System Diseases,#7f7f7f,G57,icdcodes
395,395,G58 Other mononeuropathies,797,VI. Diseases of the nervous system,VI. Nervous System Diseases,#7f7f7f,G58,icdcodes
396,396,G59 Mononeuropathy in diseases classified elsewhere,272,VI. Diseases of the nervous system,VI. Nervous System Diseases,#7f7f7f,G59,icdcodes
397,397,G60 Hereditary and idiopathic neuropathy,419,VI. Diseases of the nervous system,VI. Nervous System Diseases,#7f7f7f,G60,icdcodes
398,398,G61 Inflammatory polyneuropathy,533,VI. Diseases of the nervous system,VI. Nervous System Diseases,#7f7f7f,G61,icdcodes
399,399,G62 Other polyneuropathies,3742,VI. Diseases of the nervous system,VI. Nervous System Diseases,#7f7f7f,G62,icdcodes
400,400,G63 Polyneuropathy in diseases classified elsewhere,1006,VI. Diseases of the nervous system,VI. Nervous System Diseases,#7f7f7f,G63,icdcodes
401,401,G64 Other disorders of peripheral nervous system,230,VI. Diseases of the nervous system,VI. Nervous System Diseases,#7f7f7f,G64,icdcodes
402,402,G70 Myasthenia gravis and other myoneural disorders,396,VI. Diseases of the nervous system,VI. Nervous System Diseases,#7f7f7f,G70,icdcodes
403,403,G71 Primary disorders of muscles,260,VI. Diseases of the nervous system,VI. Nervous System Diseases,#7f7f7f,G71,icdcodes
404,404,G72 Other myopathies,346,VI. Diseases of the nervous system,VI. Nervous System Diseases,#7f7f7f,G72,icdcodes
405,405,G73 Disorders of myoneural junction and muscle in diseases classified elsewhere,33,VI. Diseases of the nervous system,VI. Nervous System Diseases,#7f7f7f,G73,icdcodes
406,406,G80 Infantile cerebral palsy,256,VI. Diseases of the nervous system,VI. Nervous System Diseases,#7f7f7f,G80,icdcodes
407,407,G81 Hemiplegia,3149,VI. Diseases of the nervous system,VI. Nervous System Diseases,#7f7f7f,G81,icdcodes
408,408,G82 Paraplegia and tetraplegia,510,VI. Diseases of the nervous system,VI. Nervous System Diseases,#7f7f7f,G82,icdcodes
409,409,G83 Other paralytic syndromes,1062,VI. Diseases of the nervous system,VI. Nervous System Diseases,#7f7f7f,G83,icdcodes
410,410,G90 Disorders of autonomic nervous system,560,VI. Diseases of the nervous system,VI. Nervous System Diseases,#7f7f7f,G90,icdcodes
411,411,G91 Hydrocephalus,811,VI. Diseases of the nervous system,VI. Nervous System Diseases,#7f7f7f,G91,icdcodes
412,412,G92 Toxic encephalopathy,16,VI. Diseases of the nervous system,VI. Nervous System Diseases,#7f7f7f,G92,icdcodes
413,413,G93 Other disorders of brain,3992,VI. Diseases of the nervous system,VI. Nervous System Diseases,#7f7f7f,G93,icdcodes
414,414,G94 Other disorders of brain in diseases classified elsewhere,122,VI. Diseases of the nervous system,VI. Nervous System Diseases,#7f7f7f,G94,icdcodes
415,415,G95 Other diseases of spinal cord,1512,VI. Diseases of the nervous system,VI. Nervous System Diseases,#7f7f7f,G95,icdcodes
416,416,G96 Other disorders of central nervous system,434,VI. Diseases of the nervous system,VI. Nervous System Diseases,#7f7f7f,G96,icdcodes
417,417,"G97 Postprocedural disorders of nervous system, not elsewhere classified",298,VI. Diseases of the nervous system,VI. Nervous System Diseases,#7f7f7f,G97,icdcodes
418,418,"G98 Other disorders of nervous system, not elsewhere classified",1690,VI. Diseases of the nervous system,VI. Nervous System Diseases,#7f7f7f,G98,icdcodes
419,419,G99 Other disorders of nervous system in diseases classified elsewhere,1857,VI. Diseases of the nervous system,VI. Nervous System Diseases,#7f7f7f,G99,icdcodes
420,420,H00 Hordeolum and chalazion,10304,VII. Diseases of the eye and adnexa,VII. Eye Diseases,#aec7e8,H00,icdcodes
421,421,H01 Other inflammation of eyelid,4354,VII. Diseases of the eye and adnexa,VII. Eye Diseases,#aec7e8,H01,icdcodes
422,422,H02 Other disorders of eyelid,10427,VII. Diseases of the eye and adnexa,VII. Eye Diseases,#aec7e8,H02,icdcodes
423,423,H03 Disorders of eyelid in diseases classified elsewhere,72,VII. Diseases of the eye and adnexa,VII. Eye Diseases,#aec7e8,H03,icdcodes
424,424,H04 Disorders of lachrymal system,12300,VII. Diseases of the eye and adnexa,VII. Eye Diseases,#aec7e8,H04,icdcodes
425,425,H05 Disorders of orbit,928,VII. Diseases of the eye and adnexa,VII. Eye Diseases,#aec7e8,H05,icdcodes
426,426,H06 Disorders of lachrymal system and orbit in diseases classified elsewhere,172,VII. Diseases of the eye and adnexa,VII. Eye Diseases,#aec7e8,H06,icdcodes
427,427,H10 Conjunctivitis,19057,VII. Diseases of the eye and adnexa,VII. Eye Diseases,#aec7e8,H10,icdcodes
428,428,H11 Other disorders of conjunctiva,7008,VII. Diseases of the eye and adnexa,VII. Eye Diseases,#aec7e8,H11,icdcodes
429,429,H13 Disorders of conjunctiva in diseases classified elsewhere,121,VII. Diseases of the eye and adnexa,VII. Eye Diseases,#aec7e8,H13,icdcodes
430,430,H15 Disorders of sclera,1032,VII. Diseases of the eye and adnexa,VII. Eye Diseases,#aec7e8,H15,icdcodes
431,431,H16 Keratitis,1351,VII. Diseases of the eye and adnexa,VII. Eye Diseases,#aec7e8,H16,icdcodes
432,432,H17 Corneal scars and opacities,383,VII. Diseases of the eye and adnexa,VII. Eye Diseases,#aec7e8,H17,icdcodes
433,433,H18 Other disorders of cornea,2982,VII. Diseases of the eye and adnexa,VII. Eye Diseases,#aec7e8,H18,icdcodes
434,434,H19 Disorders of sclera and cornea in diseases classified elsewhere,151,VII. Diseases of the eye and adnexa,VII. Eye Diseases,#aec7e8,H19,icdcodes
435,435,H20 Iridocyclitis,2299,VII. Diseases of the eye and adnexa,VII. Eye Diseases,#aec7e8,H20,icdcodes
436,436,H21 Other disorders of iris and ciliary body,881,VII. Diseases of the eye and adnexa,VII. Eye Diseases,#aec7e8,H21,icdcodes
437,437,H22 Disorders of iris and ciliary body in diseases classified elsewhere,59,VII. Diseases of the eye and adnexa,VII. Eye Diseases,#aec7e8,H22,icdcodes
438,438,H25 Senile cataract,20899,VII. Diseases of the eye and adnexa,VII. Eye Diseases,#aec7e8,H25,icdcodes
439,439,H26 Other cataract,33220,VII. Diseases of the eye and adnexa,VII. Eye Diseases,#aec7e8,H26,icdcodes
440,440,H27 Other disorders of lens,480,VII. Diseases of the eye and adnexa,VII. Eye Diseases,#aec7e8,H27,icdcodes
441,441,H28 Cataract and other disorders of lens in diseases classified elsewhere,66,VII. Diseases of the eye and adnexa,VII. Eye Diseases,#aec7e8,H28,icdcodes
442,442,H30 Chorioretinal inflammation,187,VII. Diseases of the eye and adnexa,VII. Eye Diseases,#aec7e8,H30,icdcodes
443,443,H31 Other disorders of choroid,680,VII. Diseases of the eye and adnexa,VII. Eye Diseases,#aec7e8,H31,icdcodes
444,444,H32 Chorioretinal disorders in diseases classified elsewhere,11,VII. Diseases of the eye and adnexa,VII. Eye Diseases,#aec7e8,H32,icdcodes
445,445,H33 Retinal detachments and breaks,5727,VII. Diseases of the eye and adnexa,VII. Eye Diseases,#aec7e8,H33,icdcodes
446,446,H34 Retinal vascular occlusions,1870,VII. Diseases of the eye and adnexa,VII. Eye Diseases,#aec7e8,H34,icdcodes
447,447,H35 Other retinal disorders,12063,VII. Diseases of the eye and adnexa,VII. Eye Diseases,#aec7e8,H35,icdcodes
448,448,H36 Retinal disorders in diseases classified elsewhere,3475,VII. Diseases of the eye and adnexa,VII. Eye Diseases,#aec7e8,H36,icdcodes
449,449,H40 Glaucoma,14230,VII. Diseases of the eye and adnexa,VII. Eye Diseases,#aec7e8,H40,icdcodes
450,450,H42 Glaucoma in diseases classified elsewhere,5,VII. Diseases of the eye and adnexa,VII. Eye Diseases,#aec7e8,H42,icdcodes
451,451,H43 Disorders of vitreous body,8832,VII. Diseases of the eye and adnexa,VII. Eye Diseases,#aec7e8,H43,icdcodes
452,452,H44 Disorders of globe,1668,VII. Diseases of the eye and adnexa,VII. Eye Diseases,#aec7e8,H44,icdcodes
453,453,H45 Disorders of vitreous body and globe in diseases classified elsewhere,22,VII. Diseases of the eye and adnexa,VII. Eye Diseases,#aec7e8,H45,icdcodes
454,454,H46 Optic neuritis,416,VII. Diseases of the eye and adnexa,VII. Eye Diseases,#aec7e8,H46,icdcodes
455,455,H47 Other disorders of optic [2nd] nerve and visual pathways,1180,VII. Diseases of the eye and adnexa,VII. Eye Diseases,#aec7e8,H47,icdcodes
456,456,H48 Disorders of optic [2nd] nerve and visual pathways in diseases classified elsewhere,12,VII. Diseases of the eye and adnexa,VII. Eye Diseases,#aec7e8,H48,icdcodes
457,457,H49 Paralytic strabismus,648,VII. Diseases of the eye and adnexa,VII. Eye Diseases,#aec7e8,H49,icdcodes
458,458,H50 Other strabismus,2042,VII. Diseases of the eye and adnexa,VII. Eye Diseases,#aec7e8,H50,icdcodes
459,459,H51 Other disorders of binocular movement,196,VII. Diseases of the eye and adnexa,VII. Eye Diseases,#aec7e8,H51,icdcodes
460,460,H52 Disorders of refraction and accommodation,7305,VII. Diseases of the eye and adnexa,VII. Eye Diseases,#aec7e8,H52,icdcodes
461,461,H53 Visual disturbances,10024,VII. Diseases of the eye and adnexa,VII. Eye Diseases,#aec7e8,H53,icdcodes
462,462,H54 Blindness and low vision,2867,VII. Diseases of the eye and adnexa,VII. Eye Diseases,#aec7e8,H54,icdcodes
463,463,H55 Nystagmus and other irregular eye movements,510,VII. Diseases of the eye and adnexa,VII. Eye Diseases,#aec7e8,H55,icdcodes
464,464,H57 Other disorders of eye and adnexa,6534,VII. Diseases of the eye and adnexa,VII. Eye Diseases,#aec7e8,H57,icdcodes
465,465,H58 Other disorders of eye and adnexa in diseases classified elsewhere,153,VII. Diseases of the eye and adnexa,VII. Eye Diseases,#aec7e8,H58,icdcodes
466,466,"H59 Postprocedural disorders of eye and adnexa, not elsewhere classified",400,VII. Diseases of the eye and adnexa,VII. Eye Diseases,#aec7e8,H59,icdcodes
467,467,H60 Otitis externa,17705,VIII. Diseases of the ear and mastoid process,VIII. Ear Diseases,#dbdb8d,H60,icdcodes
468,468,H61 Other disorders of external ear,24007,VIII. Diseases of the ear and mastoid process,VIII. Ear Diseases,#dbdb8d,H61,icdcodes
469,469,H62 Disorders of external ear in diseases classified elsewhere,45,VIII. Diseases of the ear and mastoid process,VIII. Ear Diseases,#dbdb8d,H62,icdcodes
470,470,H65 Nonsuppurative otitis media,4779,VIII. Diseases of the ear and mastoid process,VIII. Ear Diseases,#dbdb8d,H65,icdcodes
471,471,H66 Suppurative and unspecified otitis media,8180,VIII. Diseases of the ear and mastoid process,VIII. Ear Diseases,#dbdb8d,H66,icdcodes
472,472,H67 Otitis media in diseases classified elsewhere,11,VIII. Diseases of the ear and mastoid process,VIII. Ear Diseases,#dbdb8d,H67,icdcodes
473,473,H68 Eustachian salpingitis and obstruction,1999,VIII. Diseases of the ear and mastoid process,VIII. Ear Diseases,#dbdb8d,H68,icdcodes
474,474,H69 Other disorders of eustachian tube,2162,VIII. Diseases of the ear and mastoid process,VIII. Ear Diseases,#dbdb8d,H69,icdcodes
475,475,H70 Mastoiditis and related conditions,230,VIII. Diseases of the ear and mastoid process,VIII. Ear Diseases,#dbdb8d,H70,icdcodes
476,476,H71 Cholesteatoma of middle ear,567,VIII. Diseases of the ear and mastoid process,VIII. Ear Diseases,#dbdb8d,H71,icdcodes
477,477,H72 Perforation of tympanic membrane,1762,VIII. Diseases of the ear and mastoid process,VIII. Ear Diseases,#dbdb8d,H72,icdcodes
478,478,H73 Other disorders of tympanic membrane,608,VIII. Diseases of the ear and mastoid process,VIII. Ear Diseases,#dbdb8d,H73,icdcodes
479,479,H74 Other disorders of middle ear and mastoid,746,VIII. Diseases of the ear and mastoid process,VIII. Ear Diseases,#dbdb8d,H74,icdcodes
480,480,H75 Other disorders of middle ear and mastoid in diseases classified elsewhere,3,VIII. Diseases of the ear and mastoid process,VIII. Ear Diseases,#dbdb8d,H75,icdcodes
481,481,H80 Otosclerosis,864,VIII. Diseases of the ear and mastoid process,VIII. Ear Diseases,#dbdb8d,H80,icdcodes
482,482,H81 Disorders of vestibular function,10045,VIII. Diseases of the ear and mastoid process,VIII. Ear Diseases,#dbdb8d,H81,icdcodes
483,483,H82 Vertiginous syndromes in diseases classified elsewhere,2,VIII. Diseases of the ear and mastoid process,VIII. Ear Diseases,#dbdb8d,H82,icdcodes
484,484,H83 Other diseases of inner ear,9702,VIII. Diseases of the ear and mastoid process,VIII. Ear Diseases,#dbdb8d,H83,icdcodes
485,485,H90 Conductive and sensorineural hearing loss,6494,VIII. Diseases of the ear and mastoid process,VIII. Ear Diseases,#dbdb8d,H90,icdcodes
486,486,H91 Other hearing loss,13549,VIII. Diseases of the ear and mastoid process,VIII. Ear Diseases,#dbdb8d,H91,icdcodes
487,487,H92 Otalgia and effusion of ear,13100,VIII. Diseases of the ear and mastoid process,VIII. Ear Diseases,#dbdb8d,H92,icdcodes
488,488,"H93 Other disorders of ear, not elsewhere classified",11510,VIII. Diseases of the ear and mastoid process,VIII. Ear Diseases,#dbdb8d,H93,icdcodes
489,489,H94 Other disorders of ear in diseases classified elsewhere,11,VIII. Diseases of the ear and mastoid process,VIII. Ear Diseases,#dbdb8d,H94,icdcodes
490,490,"H95 Postprocedural disorders of ear and mastoid process, not elsewhere classified",138,VIII. Diseases of the ear and mastoid process,VIII. Ear Diseases,#dbdb8d,H95,icdcodes
491,491,I00 Rheumatic fever without mention of heart involvement,1248,IX. Diseases of the circulatory system,IX. Circulatory Diseases,#d62728,I00,icdcodes
492,492,I01 Rheumatic fever with heart involvement,24,IX. Diseases of the circulatory system,IX. Circulatory Diseases,#d62728,I01,icdcodes
493,493,I02 Rheumatic chorea,23,IX. Diseases of the circulatory system,IX. Circulatory Diseases,#d62728,I02,icdcodes
494,494,I05 Rheumatic mitral valve diseases,618,IX. Diseases of the circulatory system,IX. Circulatory Diseases,#d62728,I05,icdcodes
495,495,I06 Rheumatic aortic valve diseases,84,IX. Diseases of the circulatory system,IX. Circulatory Diseases,#d62728,I06,icdcodes
496,496,I07 Rheumatic tricuspid valve diseases,1119,IX. Diseases of the circulatory system,IX. Circulatory Diseases,#d62728,I07,icdcodes
497,497,I08 Multiple valve diseases,4813,IX. Diseases of the circulatory system,IX. Circulatory Diseases,#d62728,I08,icdcodes
498,498,I09 Other rheumatic heart diseases,100,IX. Diseases of the circulatory system,IX. Circulatory Diseases,#d62728,I09,icdcodes
499,499,I10 Essential primary hypertension,121844,IX. Diseases of the circulatory system,IX. Circulatory Diseases,#d62728,I10,icdcodes
500,500,I11 Hypertensive heart disease,543,IX. Diseases of the circulatory system,IX. Circulatory Diseases,#d62728,I11,icdcodes
501,501,I12 Hypertensive renal disease,1770,IX. Diseases of the circulatory system,IX. Circulatory Diseases,#d62728,I12,icdcodes
502,502,I13 Hypertensive heart and renal disease,87,IX. Diseases of the circulatory system,IX. Circulatory Diseases,#d62728,I13,icdcodes
503,503,I15 Secondary hypertension,215,IX. Diseases of the circulatory system,IX. Circulatory Diseases,#d62728,I15,icdcodes
504,504,I20 Angina pectoris,28131,IX. Diseases of the circulatory system,IX. Circulatory Diseases,#d62728,I20,icdcodes
505,505,I21 Acute myocardial infarction,17162,IX. Diseases of the circulatory system,IX. Circulatory Diseases,#d62728,I21,icdcodes
506,506,I22 Subsequent myocardial infarction,751,IX. Diseases of the circulatory system,IX. Circulatory Diseases,#d62728,I22,icdcodes
507,507,I23 Certain current complications following acute myocardial infarction,70,IX. Diseases of the circulatory system,IX. Circulatory Diseases,#d62728,I23,icdcodes
508,508,I24 Other acute ischaemic heart diseases,3436,IX. Diseases of the circulatory system,IX. Circulatory Diseases,#d62728,I24,icdcodes
509,509,I25 Chronic ischaemic heart disease,37719,IX. Diseases of the circulatory system,IX. Circulatory Diseases,#d62728,I25,icdcodes
510,510,I26 Pulmonary embolism,8450,IX. Diseases of the circulatory system,IX. Circulatory Diseases,#d62728,I26,icdcodes
511,511,I27 Other pulmonary heart diseases,1941,IX. Diseases of the circulatory system,IX. Circulatory Diseases,#d62728,I27,icdcodes
512,512,I28 Other diseases of pulmonary vessels,102,IX. Diseases of the circulatory system,IX. Circulatory Diseases,#d62728,I28,icdcodes
513,513,I30 Acute pericarditis,513,IX. Diseases of the circulatory system,IX. Circulatory Diseases,#d62728,I30,icdcodes
514,514,I31 Other diseases of pericardium,2375,IX. Diseases of the circulatory system,IX. Circulatory Diseases,#d62728,I31,icdcodes
515,515,I32 Pericarditis in diseases classified elsewhere,13,IX. Diseases of the circulatory system,IX. Circulatory Diseases,#d62728,I32,icdcodes
516,516,I33 Acute and subacute endocarditis,411,IX. Diseases of the circulatory system,IX. Circulatory Diseases,#d62728,I33,icdcodes
517,517,I34 Nonrheumatic mitral valve disorders,5101,IX. Diseases of the circulatory system,IX. Circulatory Diseases,#d62728,I34,icdcodes
518,518,I35 Nonrheumatic aortic valve disorders,5593,IX. Diseases of the circulatory system,IX. Circulatory Diseases,#d62728,I35,icdcodes
519,519,I36 Nonrheumatic tricuspid valve disorders,340,IX. Diseases of the circulatory system,IX. Circulatory Diseases,#d62728,I36,icdcodes
520,520,I37 Pulmonary valve disorders,429,IX. Diseases of the circulatory system,IX. Circulatory Diseases,#d62728,I37,icdcodes
521,521,"I38 Endocarditis, valve unspecified",754,IX. Diseases of the circulatory system,IX. Circulatory Diseases,#d62728,I38,icdcodes
522,522,I39 Endocarditis and heart valve disorders in diseases classified elsewhere,9,IX. Diseases of the circulatory system,IX. Circulatory Diseases,#d62728,I39,icdcodes
523,523,I40 Acute myocarditis,60,IX. Diseases of the circulatory system,IX. Circulatory Diseases,#d62728,I40,icdcodes
524,524,I41 Myocarditis in diseases classified elsewhere,8,IX. Diseases of the circulatory system,IX. Circulatory Diseases,#d62728,I41,icdcodes
525,525,I42 Cardiomyopathy,2520,IX. Diseases of the circulatory system,IX. Circulatory Diseases,#d62728,I42,icdcodes
526,526,I43 Cardiomyopathy in diseases classified elsewhere,85,IX. Diseases of the circulatory system,IX. Circulatory Diseases,#d62728,I43,icdcodes
527,527,I44 Atrioventricular and left bundle-branch block,8252,IX. Diseases of the circulatory system,IX. Circulatory Diseases,#d62728,I44,icdcodes
528,528,I45 Other conduction disorders,5220,IX. Diseases of the circulatory system,IX. Circulatory Diseases,#d62728,I45,icdcodes
529,529,I46 Cardiac arrest,2053,IX. Diseases of the circulatory system,IX. Circulatory Diseases,#d62728,I46,icdcodes
530,530,I47 Paroxysmal tachycardia,5902,IX. Diseases of the circulatory system,IX. Circulatory Diseases,#d62728,I47,icdcodes
531,531,I48 Atrial fibrillation and flutter,26754,IX. Diseases of the circulatory system,IX. Circulatory Diseases,#d62728,I48,icdcodes
532,532,I49 Other cardiac arrhythmias,9073,IX. Diseases of the circulatory system,IX. Circulatory Diseases,#d62728,I49,icdcodes
533,533,I50 Heart failure,12273,IX. Diseases of the circulatory system,IX. Circulatory Diseases,#d62728,I50,icdcodes
534,534,I51 Complications and ill-defined descriptions of heart disease,11738,IX. Diseases of the circulatory system,IX. Circulatory Diseases,#d62728,I51,icdcodes
535,535,I52 Other heart disorders in diseases classified elsewhere,3,IX. Diseases of the circulatory system,IX. Circulatory Diseases,#d62728,I52,icdcodes
536,536,I60 Subarachnoid haemorrhage,1444,IX. Diseases of the circulatory system,IX. Circulatory Diseases,#d62728,I60,icdcodes
537,537,I61 Intracerebral haemorrhage,1515,IX. Diseases of the circulatory system,IX. Circulatory Diseases,#d62728,I61,icdcodes
538,538,I62 Other nontraumatic intracranial haemorrhage,810,IX. Diseases of the circulatory system,IX. Circulatory Diseases,#d62728,I62,icdcodes
539,539,I63 Cerebral infarction,6548,IX. Diseases of the circulatory system,IX. Circulatory Diseases,#d62728,I63,icdcodes
540,540,"I64 Stroke, not specified as haemorrhage or infarction",7259,IX. Diseases of the circulatory system,IX. Circulatory Diseases,#d62728,I64,icdcodes
541,541,"I65 Occlusion and stenosis of precerebral arteries, not resulting in cerebral infarction",1932,IX. Diseases of the circulatory system,IX. Circulatory Diseases,#d62728,I65,icdcodes
542,542,"I66 Occlusion and stenosis of cerebral arteries, not resulting in cerebral infarction",148,IX. Diseases of the circulatory system,IX. Circulatory Diseases,#d62728,I66,icdcodes
543,543,I67 Other cerebrovascular diseases,6667,IX. Diseases of the circulatory system,IX. Circulatory Diseases,#d62728,I67,icdcodes
544,544,I68 Cerebrovascular disorders in diseases classified elsewhere,98,IX. Diseases of the circulatory system,IX. Circulatory Diseases,#d62728,I68,icdcodes
545,545,I69 Sequelae of cerebrovascular disease,2368,IX. Diseases of the circulatory system,IX. Circulatory Diseases,#d62728,I69,icdcodes
546,546,I70 Atherosclerosis,2545,IX. Diseases of the circulatory system,IX. Circulatory Diseases,#d62728,I70,icdcodes
547,547,I71 Aortic aneurysm and dissection,3186,IX. Diseases of the circulatory system,IX. Circulatory Diseases,#d62728,I71,icdcodes
548,548,I72 Other aneurysm,1085,IX. Diseases of the circulatory system,IX. Circulatory Diseases,#d62728,I72,icdcodes
549,549,I73 Other peripheral vascular diseases,10044,IX. Diseases of the circulatory system,IX. Circulatory Diseases,#d62728,I73,icdcodes
550,550,I74 Arterial embolism and thrombosis,1539,IX. Diseases of the circulatory system,IX. Circulatory Diseases,#d62728,I74,icdcodes
551,551,I77 Other disorders of arteries and arterioles,2501,IX. Diseases of the circulatory system,IX. Circulatory Diseases,#d62728,I77,icdcodes
552,552,I78 Diseases of capillaries,2287,IX. Diseases of the circulatory system,IX. Circulatory Diseases,#d62728,I78,icdcodes
553,553,"I79 Disorders of arteries, arterioles and capillaries in diseases classified elsewhere",130,IX. Diseases of the circulatory system,IX. Circulatory Diseases,#d62728,I79,icdcodes
554,554,I80 Phlebitis and thrombophlebitis,14550,IX. Diseases of the circulatory system,IX. Circulatory Diseases,#d62728,I80,icdcodes
555,555,I81 Portal vein thrombosis,321,IX. Diseases of the circulatory system,IX. Circulatory Diseases,#d62728,I81,icdcodes
556,556,I82 Other venous embolism and thrombosis,971,IX. Diseases of the circulatory system,IX. Circulatory Diseases,#d62728,I82,icdcodes
557,557,I83 Varicose veins of lower extremities,19156,IX. Diseases of the circulatory system,IX. Circulatory Diseases,#d62728,I83,icdcodes
558,558,I84 Haemorrhoids,25572,IX. Diseases of the circulatory system,IX. Circulatory Diseases,#d62728,I84,icdcodes
559,559,I85 Oesophageal varices,895,IX. Diseases of the circulatory system,IX. Circulatory Diseases,#d62728,I85,icdcodes
560,560,I86 Varicose veins of other sites,1763,IX. Diseases of the circulatory system,IX. Circulatory Diseases,#d62728,I86,icdcodes
561,561,I87 Other disorders of veins,1498,IX. Diseases of the circulatory system,IX. Circulatory Diseases,#d62728,I87,icdcodes
562,562,I88 Nonspecific lymphadenitis,375,IX. Diseases of the circulatory system,IX. Circulatory Diseases,#d62728,I88,icdcodes
563,563,I89 Other non-infective disorders of lymphatic vessels and lymph nodes,2065,IX. Diseases of the circulatory system,IX. Circulatory Diseases,#d62728,I89,icdcodes
564,564,I95 Hypotension,13253,IX. Diseases of the circulatory system,IX. Circulatory Diseases,#d62728,I95,icdcodes
565,565,"I97 Postprocedural disorders of circulatory system, not elsewhere classified",310,IX. Diseases of the circulatory system,IX. Circulatory Diseases,#d62728,I97,icdcodes
566,566,I98 Other disorders of circulatory system in diseases classified elsewhere,439,IX. Diseases of the circulatory system,IX. Circulatory Diseases,#d62728,I98,icdcodes
567,567,I99 Other and unspecified disorders of circulatory system,464,IX. Diseases of the circulatory system,IX. Circulatory Diseases,#d62728,I99,icdcodes
568,568,J00 Acute nasopharyngitis [common cold],4438,X. Diseases of the respiratory system,X. Respiratory Diseases,#17becf,J00,icdcodes
569,569,J01 Acute sinusitis,19711,X. Diseases of the respiratory system,X. Respiratory Diseases,#17becf,J01,icdcodes
570,570,J02 Acute pharyngitis,19269,X. Diseases of the respiratory system,X. Respiratory Diseases,#17becf,J02,icdcodes
571,571,J03 Acute tonsillitis,13235,X. Diseases of the respiratory system,X. Respiratory Diseases,#17becf,J03,icdcodes
572,572,J04 Acute laryngitis and tracheitis,3656,X. Diseases of the respiratory system,X. Respiratory Diseases,#17becf,J04,icdcodes
573,573,J05 Acute obstructive laryngitis [croup] and epiglottitis,137,X. Diseases of the respiratory system,X. Respiratory Diseases,#17becf,J05,icdcodes
574,574,J06 Acute upper respiratory infections of multiple and unspecified sites,41759,X. Diseases of the respiratory system,X. Respiratory Diseases,#17becf,J06,icdcodes
575,575,J09 Influenza due to certain identified influenza virus,21,X. Diseases of the respiratory system,X. Respiratory Diseases,#17becf,J09,icdcodes
576,576,J10 Influenza due to identified influenza virus,1252,X. Diseases of the respiratory system,X. Respiratory Diseases,#17becf,J10,icdcodes
577,577,"J11 Influenza, virus not identified",8880,X. Diseases of the respiratory system,X. Respiratory Diseases,#17becf,J11,icdcodes
578,578,"J12 Viral pneumonia, not elsewhere classified",710,X. Diseases of the respiratory system,X. Respiratory Diseases,#17becf,J12,icdcodes
579,579,J13 Pneumonia due to streptococcus pneumoniae,844,X. Diseases of the respiratory system,X. Respiratory Diseases,#17becf,J13,icdcodes
580,580,J14 Pneumonia due to haemophilus influenzae,181,X. Diseases of the respiratory system,X. Respiratory Diseases,#17becf,J14,icdcodes
581,581,"J15 Bacterial pneumonia, not elsewhere classified",1096,X. Diseases of the respiratory system,X. Respiratory Diseases,#17becf,J15,icdcodes
582,582,"J16 Pneumonia due to other infectious organisms, not elsewhere classified",83,X. Diseases of the respiratory system,X. Respiratory Diseases,#17becf,J16,icdcodes
583,583,J17 Pneumonia in diseases classified elsewhere,273,X. Diseases of the respiratory system,X. Respiratory Diseases,#17becf,J17,icdcodes
584,584,"J18 Pneumonia, organism unspecified",25641,X. Diseases of the respiratory system,X. Respiratory Diseases,#17becf,J18,icdcodes
585,585,J20 Acute bronchitis,4413,X. Diseases of the respiratory system,X. Respiratory Diseases,#17becf,J20,icdcodes
586,586,J21 Acute bronchiolitis,128,X. Diseases of the respiratory system,X. Respiratory Diseases,#17becf,J21,icdcodes
587,587,J22 Unspecified acute lower respiratory infection,50475,X. Diseases of the respiratory system,X. Respiratory Diseases,#17becf,J22,icdcodes
588,588,J30 Vasomotor and allergic rhinitis,39299,X. Diseases of the respiratory system,X. Respiratory Diseases,#17becf,J30,icdcodes
589,589,"J31 Chronic rhinitis, nasopharyngitis and pharyngitis",5563,X. Diseases of the respiratory system,X. Respiratory Diseases,#17becf,J31,icdcodes
590,590,J32 Chronic sinusitis,10710,X. Diseases of the respiratory system,X. Respiratory Diseases,#17becf,J32,icdcodes
591,591,J33 Nasal polyp,6118,X. Diseases of the respiratory system,X. Respiratory Diseases,#17becf,J33,icdcodes
592,592,J34 Other disorders of nose and nasal sinuses,14219,X. Diseases of the respiratory system,X. Respiratory Diseases,#17becf,J34,icdcodes
593,593,J35 Chronic diseases of tonsils and adenoids,1510,X. Diseases of the respiratory system,X. Respiratory Diseases,#17becf,J35,icdcodes
594,594,J36 Peritonsillar abscess,746,X. Diseases of the respiratory system,X. Respiratory Diseases,#17becf,J36,icdcodes
595,595,J37 Chronic laryngitis and laryngotracheitis,476,X. Diseases of the respiratory system,X. Respiratory Diseases,#17becf,J37,icdcodes
596,596,"J38 Diseases of vocal cords and larynx, not elsewhere classified",2873,X. Diseases of the respiratory system,X. Respiratory Diseases,#17becf,J38,icdcodes
597,597,J39 Other diseases of upper respiratory tract,1500,X. Diseases of the respiratory system,X. Respiratory Diseases,#17becf,J39,icdcodes
598,598,"J40 Bronchitis, not specified as acute or chronic",7687,X. Diseases of the respiratory system,X. Respiratory Diseases,#17becf,J40,icdcodes
599,599,J41 Simple and mucopurulent chronic bronchitis,95,X. Diseases of the respiratory system,X. Respiratory Diseases,#17becf,J41,icdcodes
600,600,J42 Unspecified chronic bronchitis,559,X. Diseases of the respiratory system,X. Respiratory Diseases,#17becf,J42,icdcodes
601,601,J43 Emphysema,3676,X. Diseases of the respiratory system,X. Respiratory Diseases,#17becf,J43,icdcodes
602,602,J44 Other chronic obstructive pulmonary disease,16863,X. Diseases of the respiratory system,X. Respiratory Diseases,#17becf,J44,icdcodes
603,603,J45 Asthma,57082,X. Diseases of the respiratory system,X. Respiratory Diseases,#17becf,J45,icdcodes
604,604,J46 Status asthmaticus,438,X. Diseases of the respiratory system,X. Respiratory Diseases,#17becf,J46,icdcodes
605,605,J47 Bronchiectasis,4584,X. Diseases of the respiratory system,X. Respiratory Diseases,#17becf,J47,icdcodes
606,606,J60 Coalworker's pneumoconiosis,42,X. Diseases of the respiratory system,X. Respiratory Diseases,#17becf,J60,icdcodes
607,607,J61 Pneumoconiosis due to asbestos and other mineral fibres,537,X. Diseases of the respiratory system,X. Respiratory Diseases,#17becf,J61,icdcodes
608,608,J62 Pneumoconiosis due to dust containing silica,17,X. Diseases of the respiratory system,X. Respiratory Diseases,#17becf,J62,icdcodes
609,609,J63 Pneumoconiosis due to other inorganic dusts,25,X. Diseases of the respiratory system,X. Respiratory Diseases,#17becf,J63,icdcodes
610,610,J64 Unspecified pneumoconiosis,48,X. Diseases of the respiratory system,X. Respiratory Diseases,#17becf,J64,icdcodes
611,611,J66 Airway disease due to specific organic dust,2,X. Diseases of the respiratory system,X. Respiratory Diseases,#17becf,J66,icdcodes
612,612,J67 Hypersensitivity pneumonitis due to organic dust,192,X. Diseases of the respiratory system,X. Respiratory Diseases,#17becf,J67,icdcodes
613,613,"J68 Respiratory conditions due to inhalation of chemicals, gases, fumes and vapours",27,X. Diseases of the respiratory system,X. Respiratory Diseases,#17becf,J68,icdcodes
614,614,J69 Pneumonitis due to solids and liquids,1997,X. Diseases of the respiratory system,X. Respiratory Diseases,#17becf,J69,icdcodes
615,615,J70 Respiratory conditions due to other external agents,132,X. Diseases of the respiratory system,X. Respiratory Diseases,#17becf,J70,icdcodes
616,616,J80 Adult respiratory distress syndrome,300,X. Diseases of the respiratory system,X. Respiratory Diseases,#17becf,J80,icdcodes
617,617,J81 Pulmonary oedema,981,X. Diseases of the respiratory system,X. Respiratory Diseases,#17becf,J81,icdcodes
618,618,"J82 Pulmonary eosinophilia, not elsewhere classified",160,X. Diseases of the respiratory system,X. Respiratory Diseases,#17becf,J82,icdcodes
619,619,J84 Other interstitial pulmonary diseases,2768,X. Diseases of the respiratory system,X. Respiratory Diseases,#17becf,J84,icdcodes
620,620,J85 Abscess of lung and mediastinum,185,X. Diseases of the respiratory system,X. Respiratory Diseases,#17becf,J85,icdcodes
621,621,J86 Pyothorax,565,X. Diseases of the respiratory system,X. Respiratory Diseases,#17becf,J86,icdcodes
622,622,"J90 Pleural effusion, not elsewhere classified",10870,X. Diseases of the respiratory system,X. Respiratory Diseases,#17becf,J90,icdcodes
623,623,J91 Pleural effusion in conditions classified elsewhere,337,X. Diseases of the respiratory system,X. Respiratory Diseases,#17becf,J91,icdcodes
624,624,J92 Pleural plaque,1863,X. Diseases of the respiratory system,X. Respiratory Diseases,#17becf,J92,icdcodes
625,625,J93 Pneumothorax,2600,X. Diseases of the respiratory system,X. Respiratory Diseases,#17becf,J93,icdcodes
626,626,J94 Other pleural conditions,617,X. Diseases of the respiratory system,X. Respiratory Diseases,#17becf,J94,icdcodes
627,627,"J95 Postprocedural respiratory disorders, not elsewhere classified",584,X. Diseases of the respiratory system,X. Respiratory Diseases,#17becf,J95,icdcodes
628,628,"J96 Respiratory failure, not elsewhere classified",5384,X. Diseases of the respiratory system,X. Respiratory Diseases,#17becf,J96,icdcodes
629,629,J98 Other respiratory disorders,15500,X. Diseases of the respiratory system,X. Respiratory Diseases,#17becf,J98,icdcodes
630,630,J99 Respiratory disorders in diseases classified elsewhere,386,X. Diseases of the respiratory system,X. Respiratory Diseases,#17becf,J99,icdcodes
631,631,K00 Disorders of tooth development and eruption,231,XI. Diseases of the digestive system,XI. Digestive Diseases,#8c564b,K00,icdcodes
632,632,K01 Embedded and impacted teeth,2238,XI. Diseases of the digestive system,XI. Digestive Diseases,#8c564b,K01,icdcodes
633,633,K02 Dental caries,4787,XI. Diseases of the digestive system,XI. Digestive Diseases,#8c564b,K02,icdcodes
634,634,K03 Other diseases of hard tissues of teeth,144,XI. Diseases of the digestive system,XI. Digestive Diseases,#8c564b,K03,icdcodes
635,635,K04 Diseases of pulp and periapical tissues,6683,XI. Diseases of the digestive system,XI. Digestive Diseases,#8c564b,K04,icdcodes
636,636,K05 Gingivitis and periodontal diseases,1672,XI. Diseases of the digestive system,XI. Digestive Diseases,#8c564b,K05,icdcodes
637,637,K06 Other disorders of gingiva and edentulous alveolar ridge,616,XI. Diseases of the digestive system,XI. Digestive Diseases,#8c564b,K06,icdcodes
638,638,K07 Dentofacial anomalies [including malocclusion],2138,XI. Diseases of the digestive system,XI. Digestive Diseases,#8c564b,K07,icdcodes
639,639,K08 Other disorders of teeth and supporting structures,3951,XI. Diseases of the digestive system,XI. Digestive Diseases,#8c564b,K08,icdcodes
640,640,"K09 Cysts of oral region, not elsewhere classified",749,XI. Diseases of the digestive system,XI. Digestive Diseases,#8c564b,K09,icdcodes
641,641,K10 Other diseases of jaws,1552,XI. Diseases of the digestive system,XI. Digestive Diseases,#8c564b,K10,icdcodes
642,642,K11 Diseases of salivary glands,2837,XI. Diseases of the digestive system,XI. Digestive Diseases,#8c564b,K11,icdcodes
643,643,K12 Stomatitis and related lesions,3358,XI. Diseases of the digestive system,XI. Digestive Diseases,#8c564b,K12,icdcodes
644,644,K13 Other diseases of lip and oral mucosa,6075,XI. Diseases of the digestive system,XI. Digestive Diseases,#8c564b,K13,icdcodes
645,645,K14 Diseases of tongue,3097,XI. Diseases of the digestive system,XI. Digestive Diseases,#8c564b,K14,icdcodes
646,646,K20 Oesophagitis,13664,XI. Diseases of the digestive system,XI. Digestive Diseases,#8c564b,K20,icdcodes
647,647,K21 Gastro-oesophageal reflux disease,57621,XI. Diseases of the digestive system,XI. Digestive Diseases,#8c564b,K21,icdcodes
648,648,K22 Other diseases of oesophagus,16766,XI. Diseases of the digestive system,XI. Digestive Diseases,#8c564b,K22,icdcodes
649,649,K23 Disorders of oesophagus in diseases classified elsewhere,82,XI. Diseases of the digestive system,XI. Digestive Diseases,#8c564b,K23,icdcodes
650,650,K25 Gastric ulcer,9665,XI. Diseases of the digestive system,XI. Digestive Diseases,#8c564b,K25,icdcodes
651,651,K26 Duodenal ulcer,7601,XI. Diseases of the digestive system,XI. Digestive Diseases,#8c564b,K26,icdcodes
652,652,"K27 Peptic ulcer, site unspecified",1452,XI. Diseases of the digestive system,XI. Digestive Diseases,#8c564b,K27,icdcodes
653,653,K28 Gastrojejunal ulcer,91,XI. Diseases of the digestive system,XI. Digestive Diseases,#8c564b,K28,icdcodes
654,654,K29 Gastritis and duodenitis,46399,XI. Diseases of the digestive system,XI. Digestive Diseases,#8c564b,K29,icdcodes
655,655,K30 Dyspepsia,15533,XI. Diseases of the digestive system,XI. Digestive Diseases,#8c564b,K30,icdcodes
656,656,K31 Other diseases of stomach and duodenum,14098,XI. Diseases of the digestive system,XI. Digestive Diseases,#8c564b,K31,icdcodes
657,657,K35 Acute appendicitis,3931,XI. Diseases of the digestive system,XI. Digestive Diseases,#8c564b,K35,icdcodes
658,658,K36 Other appendicitis,143,XI. Diseases of the digestive system,XI. Digestive Diseases,#8c564b,K36,icdcodes
659,659,K37 Unspecified appendicitis,4876,XI. Diseases of the digestive system,XI. Digestive Diseases,#8c564b,K37,icdcodes
660,660,K38 Other diseases of appendix,439,XI. Diseases of the digestive system,XI. Digestive Diseases,#8c564b,K38,icdcodes
661,661,K40 Inguinal hernia,24122,XI. Diseases of the digestive system,XI. Digestive Diseases,#8c564b,K40,icdcodes
662,662,K41 Femoral hernia,1138,XI. Diseases of the digestive system,XI. Digestive Diseases,#8c564b,K41,icdcodes
663,663,K42 Umbilical hernia,6695,XI. Diseases of the digestive system,XI. Digestive Diseases,#8c564b,K42,icdcodes
664,664,K43 Ventral hernia,5729,XI. Diseases of the digestive system,XI. Digestive Diseases,#8c564b,K43,icdcodes
665,665,K44 Diaphragmatic hernia,43118,XI. Diseases of the digestive system,XI. Digestive Diseases,#8c564b,K44,icdcodes
666,666,K45 Other abdominal hernia,213,XI. Diseases of the digestive system,XI. Digestive Diseases,#8c564b,K45,icdcodes
667,667,K46 Unspecified abdominal hernia,1762,XI. Diseases of the digestive system,XI. Digestive Diseases,#8c564b,K46,icdcodes
668,668,K50 Crohn's disease [regional enteritis],2563,XI. Diseases of the digestive system,XI. Digestive Diseases,#8c564b,K50,icdcodes
669,669,K51 Ulcerative colitis,4931,XI. Diseases of the digestive system,XI. Digestive Diseases,#8c564b,K51,icdcodes
670,670,K52 Other non-infective gastro-enteritis and colitis,22547,XI. Diseases of the digestive system,XI. Digestive Diseases,#8c564b,K52,icdcodes
671,671,K55 Vascular disorders of intestine,2225,XI. Diseases of the digestive system,XI. Digestive Diseases,#8c564b,K55,icdcodes
672,672,K56 Paralytic ileus and intestinal obstruction without hernia,7214,XI. Diseases of the digestive system,XI. Digestive Diseases,#8c564b,K56,icdcodes
673,673,K57 Diverticular disease of intestine,49461,XI. Diseases of the digestive system,XI. Digestive Diseases,#8c564b,K57,icdcodes
674,674,K58 Irritable bowel syndrome,27274,XI. Diseases of the digestive system,XI. Digestive Diseases,#8c564b,K58,icdcodes
675,675,K59 Other functional intestinal disorders,25442,XI. Diseases of the digestive system,XI. Digestive Diseases,#8c564b,K59,icdcodes
676,676,K60 Fissure and fistula of anal and rectal regions,5449,XI. Diseases of the digestive system,XI. Digestive Diseases,#8c564b,K60,icdcodes
677,677,K61 Abscess of anal and rectal regions,2479,XI. Diseases of the digestive system,XI. Digestive Diseases,#8c564b,K61,icdcodes
678,678,K62 Other diseases of anus and rectum,36313,XI. Diseases of the digestive system,XI. Digestive Diseases,#8c564b,K62,icdcodes
679,679,K63 Other diseases of intestine,26483,XI. Diseases of the digestive system,XI. Digestive Diseases,#8c564b,K63,icdcodes
680,680,K64 Haemorrhoids and perianal venous thrombosis,35010,XI. Diseases of the digestive system,XI. Digestive Diseases,#8c564b,K64,icdcodes
681,681,K65 Peritonitis,2733,XI. Diseases of the digestive system,XI. Digestive Diseases,#8c564b,K65,icdcodes
682,682,K66 Other disorders of peritoneum,6075,XI. Diseases of the digestive system,XI. Digestive Diseases,#8c564b,K66,icdcodes
683,683,K67 Disorders of peritoneum in infectious diseases classified elsewhere,8,XI. Diseases of the digestive system,XI. Digestive Diseases,#8c564b,K67,icdcodes
684,684,K70 Alcoholic liver disease,1605,XI. Diseases of the digestive system,XI. Digestive Diseases,#8c564b,K70,icdcodes
685,685,K71 Toxic liver disease,151,XI. Diseases of the digestive system,XI. Digestive Diseases,#8c564b,K71,icdcodes
686,686,"K72 Hepatic failure, not elsewhere classified",831,XI. Diseases of the digestive system,XI. Digestive Diseases,#8c564b,K72,icdcodes
687,687,"K73 Chronic hepatitis, not elsewhere classified",270,XI. Diseases of the digestive system,XI. Digestive Diseases,#8c564b,K73,icdcodes
688,688,K74 Fibrosis and cirrhosis of liver,1940,XI. Diseases of the digestive system,XI. Digestive Diseases,#8c564b,K74,icdcodes
689,689,K75 Other inflammatory liver diseases,2044,XI. Diseases of the digestive system,XI. Digestive Diseases,#8c564b,K75,icdcodes
690,690,K76 Other diseases of liver,10203,XI. Diseases of the digestive system,XI. Digestive Diseases,#8c564b,K76,icdcodes
691,691,K77 Liver disorders in diseases classified elsewhere,37,XI. Diseases of the digestive system,XI. Digestive Diseases,#8c564b,K77,icdcodes
692,692,K80 Cholelithiasis,25340,XI. Diseases of the digestive system,XI. Digestive Diseases,#8c564b,K80,icdcodes
693,693,K81 Cholecystitis,4865,XI. Diseases of the digestive system,XI. Digestive Diseases,#8c564b,K81,icdcodes
694,694,K82 Other diseases of gallbladder,3164,XI. Diseases of the digestive system,XI. Digestive Diseases,#8c564b,K82,icdcodes
695,695,K83 Other diseases of biliary tract,3783,XI. Diseases of the digestive system,XI. Digestive Diseases,#8c564b,K83,icdcodes
696,696,K85 Acute pancreatitis,3407,XI. Diseases of the digestive system,XI. Digestive Diseases,#8c564b,K85,icdcodes
697,697,K86 Other diseases of pancreas,2343,XI. Diseases of the digestive system,XI. Digestive Diseases,#8c564b,K86,icdcodes
698,698,"K87 Disorders of gallbladder, biliary tract and pancreas in diseases classified elsewhere",5,XI. Diseases of the digestive system,XI. Digestive Diseases,#8c564b,K87,icdcodes
699,699,K90 Intestinal malabsorption,3836,XI. Diseases of the digestive system,XI. Digestive Diseases,#8c564b,K90,icdcodes
700,700,"K91 Postprocedural disorders of digestive system, not elsewhere classified",2547,XI. Diseases of the digestive system,XI. Digestive Diseases,#8c564b,K91,icdcodes
701,701,K92 Other diseases of digestive system,17549,XI. Diseases of the digestive system,XI. Digestive Diseases,#8c564b,K92,icdcodes
702,702,K93 Disorders of other digestive organs in diseases classified elsewhere,20,XI. Diseases of the digestive system,XI. Digestive Diseases,#8c564b,K93,icdcodes
703,703,L00 Staphylococcal scalded skin syndrome,7,XII. Diseases of the skin and subcutaneous tissue,XII. Skin Diseases,#c49c94,L00,icdcodes
704,704,L01 Impetigo,1161,XII. Diseases of the skin and subcutaneous tissue,XII. Skin Diseases,#c49c94,L01,icdcodes
705,705,"L02 Cutaneous abscess, furuncle and carbuncle",10129,XII. Diseases of the skin and subcutaneous tissue,XII. Skin Diseases,#c49c94,L02,icdcodes
706,706,L03 Cellulitis,25550,XII. Diseases of the skin and subcutaneous tissue,XII. Skin Diseases,#c49c94,L03,icdcodes
707,707,L04 Acute lymphadenitis,623,XII. Diseases of the skin and subcutaneous tissue,XII. Skin Diseases,#c49c94,L04,icdcodes
708,708,L05 Pilonidal cyst,1251,XII. Diseases of the skin and subcutaneous tissue,XII. Skin Diseases,#c49c94,L05,icdcodes
709,709,L08 Other local infections of skin and subcutaneous tissue,12214,XII. Diseases of the skin and subcutaneous tissue,XII. Skin Diseases,#c49c94,L08,icdcodes
710,710,L10 Pemphigus,73,XII. Diseases of the skin and subcutaneous tissue,XII. Skin Diseases,#c49c94,L10,icdcodes
711,711,L11 Other acantholytic disorders,98,XII. Diseases of the skin and subcutaneous tissue,XII. Skin Diseases,#c49c94,L11,icdcodes
712,712,L12 Pemphigoid,168,XII. Diseases of the skin and subcutaneous tissue,XII. Skin Diseases,#c49c94,L12,icdcodes
713,713,L13 Other bullous disorders,110,XII. Diseases of the skin and subcutaneous tissue,XII. Skin Diseases,#c49c94,L13,icdcodes
714,714,L14 Bullous disorders in diseases classified elsewhere,1,XII. Diseases of the skin and subcutaneous tissue,XII. Skin Diseases,#c49c94,L14,icdcodes
715,715,L20 Atopic dermatitis,11142,XII. Diseases of the skin and subcutaneous tissue,XII. Skin Diseases,#c49c94,L20,icdcodes
716,716,L21 Seborrhoeic dermatitis,8031,XII. Diseases of the skin and subcutaneous tissue,XII. Skin Diseases,#c49c94,L21,icdcodes
717,717,L22 Diaper [napkin] dermatitis,50,XII. Diseases of the skin and subcutaneous tissue,XII. Skin Diseases,#c49c94,L22,icdcodes
718,718,L23 Allergic contact dermatitis,735,XII. Diseases of the skin and subcutaneous tissue,XII. Skin Diseases,#c49c94,L23,icdcodes
719,719,L24 Irritant contact dermatitis,654,XII. Diseases of the skin and subcutaneous tissue,XII. Skin Diseases,#c49c94,L24,icdcodes
720,720,L25 Unspecified contact dermatitis,2624,XII. Diseases of the skin and subcutaneous tissue,XII. Skin Diseases,#c49c94,L25,icdcodes
721,721,L26 Exfoliative dermatitis,16,XII. Diseases of the skin and subcutaneous tissue,XII. Skin Diseases,#c49c94,L26,icdcodes
722,722,L27 Dermatitis due to substances taken internally,992,XII. Diseases of the skin and subcutaneous tissue,XII. Skin Diseases,#c49c94,L27,icdcodes
723,723,L28 Lichen simplex chronicus and prurigo,1380,XII. Diseases of the skin and subcutaneous tissue,XII. Skin Diseases,#c49c94,L28,icdcodes
724,724,L29 Pruritus,10118,XII. Diseases of the skin and subcutaneous tissue,XII. Skin Diseases,#c49c94,L29,icdcodes
725,725,L30 Other dermatitis,38463,XII. Diseases of the skin and subcutaneous tissue,XII. Skin Diseases,#c49c94,L30,icdcodes
726,726,L40 Psoriasis,11840,XII. Diseases of the skin and subcutaneous tissue,XII. Skin Diseases,#c49c94,L40,icdcodes
727,727,L41 Parapsoriasis,103,XII. Diseases of the skin and subcutaneous tissue,XII. Skin Diseases,#c49c94,L41,icdcodes
728,728,L42 Pityriasis rosea,1304,XII. Diseases of the skin and subcutaneous tissue,XII. Skin Diseases,#c49c94,L42,icdcodes
729,729,L43 Lichen planus,2070,XII. Diseases of the skin and subcutaneous tissue,XII. Skin Diseases,#c49c94,L43,icdcodes
730,730,L44 Other papulosquamous disorders,65,XII. Diseases of the skin and subcutaneous tissue,XII. Skin Diseases,#c49c94,L44,icdcodes
731,731,L50 Urticaria,8861,XII. Diseases of the skin and subcutaneous tissue,XII. Skin Diseases,#c49c94,L50,icdcodes
732,732,L51 Erythema multiforme,285,XII. Diseases of the skin and subcutaneous tissue,XII. Skin Diseases,#c49c94,L51,icdcodes
733,733,L52 Erythema nodosum,234,XII. Diseases of the skin and subcutaneous tissue,XII. Skin Diseases,#c49c94,L52,icdcodes
734,734,L53 Other erythematous conditions,1267,XII. Diseases of the skin and subcutaneous tissue,XII. Skin Diseases,#c49c94,L53,icdcodes
735,735,L54 Erythema in diseases classified elsewhere,2,XII. Diseases of the skin and subcutaneous tissue,XII. Skin Diseases,#c49c94,L54,icdcodes
736,736,L55 Sunburn,324,XII. Diseases of the skin and subcutaneous tissue,XII. Skin Diseases,#c49c94,L55,icdcodes
737,737,L56 Other acute skin changes due to ultraviolet radiation,510,XII. Diseases of the skin and subcutaneous tissue,XII. Skin Diseases,#c49c94,L56,icdcodes
738,738,L57 Skin changes due to chronic exposure to nonionising radiation,16290,XII. Diseases of the skin and subcutaneous tissue,XII. Skin Diseases,#c49c94,L57,icdcodes
739,739,L58 Radiodermatitis,21,XII. Diseases of the skin and subcutaneous tissue,XII. Skin Diseases,#c49c94,L58,icdcodes
740,740,L59 Other disorders of skin and subcutaneous tissue related to radiation,67,XII. Diseases of the skin and subcutaneous tissue,XII. Skin Diseases,#c49c94,L59,icdcodes
741,741,L60 Nail disorders,9129,XII. Diseases of the skin and subcutaneous tissue,XII. Skin Diseases,#c49c94,L60,icdcodes
742,742,L62 Nail disorders in diseases classified elsewhere,1,XII. Diseases of the skin and subcutaneous tissue,XII. Skin Diseases,#c49c94,L62,icdcodes
743,743,L63 Alopecia areata,729,XII. Diseases of the skin and subcutaneous tissue,XII. Skin Diseases,#c49c94,L63,icdcodes
744,744,L64 Androgenic alopecia,133,XII. Diseases of the skin and subcutaneous tissue,XII. Skin Diseases,#c49c94,L64,icdcodes
745,745,L65 Other nonscarring hair loss,2680,XII. Diseases of the skin and subcutaneous tissue,XII. Skin Diseases,#c49c94,L65,icdcodes
746,746,L66 Cicatricial alopecia [scarring hair loss],185,XII. Diseases of the skin and subcutaneous tissue,XII. Skin Diseases,#c49c94,L66,icdcodes
747,747,L67 Hair colour and hair shaft abnormalities,29,XII. Diseases of the skin and subcutaneous tissue,XII. Skin Diseases,#c49c94,L67,icdcodes
748,748,L68 Hypertrichosis,430,XII. Diseases of the skin and subcutaneous tissue,XII. Skin Diseases,#c49c94,L68,icdcodes
749,749,L70 Acne,4624,XII. Diseases of the skin and subcutaneous tissue,XII. Skin Diseases,#c49c94,L70,icdcodes
750,750,L71 Rosacea,4780,XII. Diseases of the skin and subcutaneous tissue,XII. Skin Diseases,#c49c94,L71,icdcodes
751,751,L72 Follicular cysts of skin and subcutaneous tissue,12753,XII. Diseases of the skin and subcutaneous tissue,XII. Skin Diseases,#c49c94,L72,icdcodes
752,752,L73 Other follicular disorders,3035,XII. Diseases of the skin and subcutaneous tissue,XII. Skin Diseases,#c49c94,L73,icdcodes
753,753,L74 Eccrine sweat disorders,907,XII. Diseases of the skin and subcutaneous tissue,XII. Skin Diseases,#c49c94,L74,icdcodes
754,754,L75 Apocrine sweat disorders,12,XII. Diseases of the skin and subcutaneous tissue,XII. Skin Diseases,#c49c94,L75,icdcodes
755,755,L80 Vitiligo,941,XII. Diseases of the skin and subcutaneous tissue,XII. Skin Diseases,#c49c94,L80,icdcodes
756,756,L81 Other disorders of pigmentation,3784,XII. Diseases of the skin and subcutaneous tissue,XII. Skin Diseases,#c49c94,L81,icdcodes
757,757,L82 Seborrhoeic keratosis,24615,XII. Diseases of the skin and subcutaneous tissue,XII. Skin Diseases,#c49c94,L82,icdcodes
758,758,L83 Acanthosis nigricans,160,XII. Diseases of the skin and subcutaneous tissue,XII. Skin Diseases,#c49c94,L83,icdcodes
759,759,L84 Corns and callosities,3086,XII. Diseases of the skin and subcutaneous tissue,XII. Skin Diseases,#c49c94,L84,icdcodes
760,760,L85 Other epidermal thickening,3017,XII. Diseases of the skin and subcutaneous tissue,XII. Skin Diseases,#c49c94,L85,icdcodes
761,761,L86 Keratoderma in diseases classified elsewhere,,XII. Diseases of the skin and subcutaneous tissue,XII. Skin Diseases,#c49c94,L86,icdcodes
762,762,L87 Transepidermal elimination disorders,18,XII. Diseases of the skin and subcutaneous tissue,XII. Skin Diseases,#c49c94,L87,icdcodes
763,763,L88 Pyoderma gangrenosum,67,XII. Diseases of the skin and subcutaneous tissue,XII. Skin Diseases,#c49c94,L88,icdcodes
764,764,L89 Decubitus ulcer,3328,XII. Diseases of the skin and subcutaneous tissue,XII. Skin Diseases,#c49c94,L89,icdcodes
765,765,L90 Atrophic disorders of skin,4940,XII. Diseases of the skin and subcutaneous tissue,XII. Skin Diseases,#c49c94,L90,icdcodes
766,766,L91 Hypertrophic disorders of skin,4166,XII. Diseases of the skin and subcutaneous tissue,XII. Skin Diseases,#c49c94,L91,icdcodes
767,767,L92 Granulomatous disorders of skin and subcutaneous tissue,1547,XII. Diseases of the skin and subcutaneous tissue,XII. Skin Diseases,#c49c94,L92,icdcodes
768,768,L93 Lupus erythematosus,402,XII. Diseases of the skin and subcutaneous tissue,XII. Skin Diseases,#c49c94,L93,icdcodes
769,769,L94 Other localised connective tissue disorders,510,XII. Diseases of the skin and subcutaneous tissue,XII. Skin Diseases,#c49c94,L94,icdcodes
770,770,"L95 Vasculitis limited to skin, not elsewhere classified",253,XII. Diseases of the skin and subcutaneous tissue,XII. Skin Diseases,#c49c94,L95,icdcodes
771,771,"L97 Ulcer of lower limb, not elsewhere classified",2563,XII. Diseases of the skin and subcutaneous tissue,XII. Skin Diseases,#c49c94,L97,icdcodes
772,772,"L98 Other disorders of skin and subcutaneous tissue, not elsewhere classified",37961,XII. Diseases of the skin and subcutaneous tissue,XII. Skin Diseases,#c49c94,L98,icdcodes
773,773,L99 Other disorders of skin and subcutaneous tissue in diseases classified elsewhere,19,XII. Diseases of the skin and subcutaneous tissue,XII. Skin Diseases,#c49c94,L99,icdcodes
774,774,M00 Pyogenic arthritis,707,XIII. Diseases of the musculoskeletal system and connective tissue,XIII. Musculoskeletal Diseases,#1f77b4,M00,icdcodes
775,775,M01 Direct infections of joint in infectious and parasitic diseases classified elsewhere,31,XIII. Diseases of the musculoskeletal system and connective tissue,XIII. Musculoskeletal Diseases,#1f77b4,M01,icdcodes
776,776,M02 Reactive arthropathies,210,XIII. Diseases of the musculoskeletal system and connective tissue,XIII. Musculoskeletal Diseases,#1f77b4,M02,icdcodes
777,777,M03 Postinfective and reactive arthropathies in diseases classified elsewhere,9,XIII. Diseases of the musculoskeletal system and connective tissue,XIII. Musculoskeletal Diseases,#1f77b4,M03,icdcodes
778,778,M05 Seropositive rheumatoid arthritis,988,XIII. Diseases of the musculoskeletal system and connective tissue,XIII. Musculoskeletal Diseases,#1f77b4,M05,icdcodes
779,779,M06 Other rheumatoid arthritis,9453,XIII. Diseases of the musculoskeletal system and connective tissue,XIII. Musculoskeletal Diseases,#1f77b4,M06,icdcodes
780,780,M07 Psoriatic and enteropathic arthropathies,1102,XIII. Diseases of the musculoskeletal system and connective tissue,XIII. Musculoskeletal Diseases,#1f77b4,M07,icdcodes
781,781,M08 Juvenile arthritis,78,XIII. Diseases of the musculoskeletal system and connective tissue,XIII. Musculoskeletal Diseases,#1f77b4,M08,icdcodes
782,782,M09 Juvenile arthritis in diseases classified elsewhere,2,XIII. Diseases of the musculoskeletal system and connective tissue,XIII. Musculoskeletal Diseases,#1f77b4,M09,icdcodes
783,783,M10 Gout,15065,XIII. Diseases of the musculoskeletal system and connective tissue,XIII. Musculoskeletal Diseases,#1f77b4,M10,icdcodes
784,784,M11 Other crystal arthropathies,858,XIII. Diseases of the musculoskeletal system and connective tissue,XIII. Musculoskeletal Diseases,#1f77b4,M11,icdcodes
785,785,M12 Other specific arthropathies,556,XIII. Diseases of the musculoskeletal system and connective tissue,XIII. Musculoskeletal Diseases,#1f77b4,M12,icdcodes
786,786,M13 Other arthritis,31930,XIII. Diseases of the musculoskeletal system and connective tissue,XIII. Musculoskeletal Diseases,#1f77b4,M13,icdcodes
787,787,M14 Arthropathies in other diseases classified elsewhere,230,XIII. Diseases of the musculoskeletal system and connective tissue,XIII. Musculoskeletal Diseases,#1f77b4,M14,icdcodes
788,788,M15 Polyarthrosis,11039,XIII. Diseases of the musculoskeletal system and connective tissue,XIII. Musculoskeletal Diseases,#1f77b4,M15,icdcodes
789,789,M16 Coxarthrosis [arthrosis of hip],19626,XIII. Diseases of the musculoskeletal system and connective tissue,XIII. Musculoskeletal Diseases,#1f77b4,M16,icdcodes
790,790,M17 Gonarthrosis [arthrosis of knee],34174,XIII. Diseases of the musculoskeletal system and connective tissue,XIII. Musculoskeletal Diseases,#1f77b4,M17,icdcodes
791,791,M18 Arthrosis of first carpometacarpal joint,2126,XIII. Diseases of the musculoskeletal system and connective tissue,XIII. Musculoskeletal Diseases,#1f77b4,M18,icdcodes
792,792,M19 Other arthrosis,66680,XIII. Diseases of the musculoskeletal system and connective tissue,XIII. Musculoskeletal Diseases,#1f77b4,M19,icdcodes
793,793,M20 Acquired deformities of fingers and toes,17412,XIII. Diseases of the musculoskeletal system and connective tissue,XIII. Musculoskeletal Diseases,#1f77b4,M20,icdcodes
794,794,M21 Other acquired deformities of limbs,4201,XIII. Diseases of the musculoskeletal system and connective tissue,XIII. Musculoskeletal Diseases,#1f77b4,M21,icdcodes
795,795,M22 Disorders of patella,2640,XIII. Diseases of the musculoskeletal system and connective tissue,XIII. Musculoskeletal Diseases,#1f77b4,M22,icdcodes
796,796,M23 Internal derangement of knee,18597,XIII. Diseases of the musculoskeletal system and connective tissue,XIII. Musculoskeletal Diseases,#1f77b4,M23,icdcodes
797,797,M24 Other specific joint derangements,4092,XIII. Diseases of the musculoskeletal system and connective tissue,XIII. Musculoskeletal Diseases,#1f77b4,M24,icdcodes
798,798,"M25 Other joint disorders, not elsewhere classified",72060,XIII. Diseases of the musculoskeletal system and connective tissue,XIII. Musculoskeletal Diseases,#1f77b4,M25,icdcodes
799,799,M30 Polyarteritis nodosa and related conditions,159,XIII. Diseases of the musculoskeletal system and connective tissue,XIII. Musculoskeletal Diseases,#1f77b4,M30,icdcodes
800,800,M31 Other necrotising vasculopathies,1435,XIII. Diseases of the musculoskeletal system and connective tissue,XIII. Musculoskeletal Diseases,#1f77b4,M31,icdcodes
801,801,M32 Systemic lupus erythematosus,833,XIII. Diseases of the musculoskeletal system and connective tissue,XIII. Musculoskeletal Diseases,#1f77b4,M32,icdcodes
802,802,M33 Dermatopolymyositis,198,XIII. Diseases of the musculoskeletal system and connective tissue,XIII. Musculoskeletal Diseases,#1f77b4,M33,icdcodes
803,803,M34 Systemic sclerosis,359,XIII. Diseases of the musculoskeletal system and connective tissue,XIII. Musculoskeletal Diseases,#1f77b4,M34,icdcodes
804,804,M35 Other systemic involvement of connective tissue,5243,XIII. Diseases of the musculoskeletal system and connective tissue,XIII. Musculoskeletal Diseases,#1f77b4,M35,icdcodes
805,805,M36 Systemic disorders of connective tissue in diseases classified elsewhere,46,XIII. Diseases of the musculoskeletal system and connective tissue,XIII. Musculoskeletal Diseases,#1f77b4,M36,icdcodes
806,806,M40 Kyphosis and lordosis,700,XIII. Diseases of the musculoskeletal system and connective tissue,XIII. Musculoskeletal Diseases,#1f77b4,M40,icdcodes
807,807,M41 Scoliosis,3135,XIII. Diseases of the musculoskeletal system and connective tissue,XIII. Musculoskeletal Diseases,#1f77b4,M41,icdcodes
808,808,M42 Spinal osteochondrosis,140,XIII. Diseases of the musculoskeletal system and connective tissue,XIII. Musculoskeletal Diseases,#1f77b4,M42,icdcodes
809,809,M43 Other deforming dorsopathies,5062,XIII. Diseases of the musculoskeletal system and connective tissue,XIII. Musculoskeletal Diseases,#1f77b4,M43,icdcodes
810,810,M45 Ankylosing spondylitis,1675,XIII. Diseases of the musculoskeletal system and connective tissue,XIII. Musculoskeletal Diseases,#1f77b4,M45,icdcodes
811,811,M46 Other inflammatory spondylopathies,3737,XIII. Diseases of the musculoskeletal system and connective tissue,XIII. Musculoskeletal Diseases,#1f77b4,M46,icdcodes
812,812,M47 Spondylosis,26736,XIII. Diseases of the musculoskeletal system and connective tissue,XIII. Musculoskeletal Diseases,#1f77b4,M47,icdcodes
813,813,M48 Other spondylopathies,12178,XIII. Diseases of the musculoskeletal system and connective tissue,XIII. Musculoskeletal Diseases,#1f77b4,M48,icdcodes
814,814,M49 Spondylopathies in diseases classified elsewhere,257,XIII. Diseases of the musculoskeletal system and connective tissue,XIII. Musculoskeletal Diseases,#1f77b4,M49,icdcodes
815,815,M50 Cervical disk disorders,3662,XIII. Diseases of the musculoskeletal system and connective tissue,XIII. Musculoskeletal Diseases,#1f77b4,M50,icdcodes
816,816,M51 Other intervertebral disk disorders,20906,XIII. Diseases of the musculoskeletal system and connective tissue,XIII. Musculoskeletal Diseases,#1f77b4,M51,icdcodes
817,817,"M53 Other dorsopathies, not elsewhere classified",5169,XIII. Diseases of the musculoskeletal system and connective tissue,XIII. Musculoskeletal Diseases,#1f77b4,M53,icdcodes
818,818,M54 Dorsalgia,61781,XIII. Diseases of the musculoskeletal system and connective tissue,XIII. Musculoskeletal Diseases,#1f77b4,M54,icdcodes
819,819,M60 Myositis,439,XIII. Diseases of the musculoskeletal system and connective tissue,XIII. Musculoskeletal Diseases,#1f77b4,M60,icdcodes
820,820,M61 Calcification and ossification of muscle,70,XIII. Diseases of the musculoskeletal system and connective tissue,XIII. Musculoskeletal Diseases,#1f77b4,M61,icdcodes
821,821,M62 Other disorders of muscle,3849,XIII. Diseases of the musculoskeletal system and connective tissue,XIII. Musculoskeletal Diseases,#1f77b4,M62,icdcodes
822,822,M63 Disorders of muscle in diseases classified elsewhere,4,XIII. Diseases of the musculoskeletal system and connective tissue,XIII. Musculoskeletal Diseases,#1f77b4,M63,icdcodes
823,823,M65 Synovitis and tenosynovitis,15516,XIII. Diseases of the musculoskeletal system and connective tissue,XIII. Musculoskeletal Diseases,#1f77b4,M65,icdcodes
824,824,M66 Spontaneous rupture of synovium and tendon,1157,XIII. Diseases of the musculoskeletal system and connective tissue,XIII. Musculoskeletal Diseases,#1f77b4,M66,icdcodes
825,825,M67 Other disorders of synovium and tendon,9643,XIII. Diseases of the musculoskeletal system and connective tissue,XIII. Musculoskeletal Diseases,#1f77b4,M67,icdcodes
826,826,M68 Disorders of synovium and tendon in diseases classified elsewhere,5,XIII. Diseases of the musculoskeletal system and connective tissue,XIII. Musculoskeletal Diseases,#1f77b4,M68,icdcodes
827,827,"M70 Soft tissue disorders related to use, overuse and pressure",13353,XIII. Diseases of the musculoskeletal system and connective tissue,XIII. Musculoskeletal Diseases,#1f77b4,M70,icdcodes
828,828,M71 Other bursopathies,2847,XIII. Diseases of the musculoskeletal system and connective tissue,XIII. Musculoskeletal Diseases,#1f77b4,M71,icdcodes
829,829,M72 Fibroblastic disorders,19730,XIII. Diseases of the musculoskeletal system and connective tissue,XIII. Musculoskeletal Diseases,#1f77b4,M72,icdcodes
830,830,M73 Soft tissue disorders in diseases classified elsewhere,,XIII. Diseases of the musculoskeletal system and connective tissue,XIII. Musculoskeletal Diseases,#1f77b4,M73,icdcodes
831,831,M75 Shoulder lesions,27499,XIII. Diseases of the musculoskeletal system and connective tissue,XIII. Musculoskeletal Diseases,#1f77b4,M75,icdcodes
832,832,"M76 Enthesopathies of lower limb, excluding foot",6516,XIII. Diseases of the musculoskeletal system and connective tissue,XIII. Musculoskeletal Diseases,#1f77b4,M76,icdcodes
833,833,M77 Other enthesopathies,26430,XIII. Diseases of the musculoskeletal system and connective tissue,XIII. Musculoskeletal Diseases,#1f77b4,M77,icdcodes
834,834,"M79 Other soft tissue disorders, not elsewhere classified",69490,XIII. Diseases of the musculoskeletal system and connective tissue,XIII. Musculoskeletal Diseases,#1f77b4,M79,icdcodes
835,835,M80 Osteoporosis with pathological fracture,1710,XIII. Diseases of the musculoskeletal system and connective tissue,XIII. Musculoskeletal Diseases,#1f77b4,M80,icdcodes
836,836,M81 Osteoporosis without pathological fracture,18176,XIII. Diseases of the musculoskeletal system and connective tissue,XIII. Musculoskeletal Diseases,#1f77b4,M81,icdcodes
837,837,M82 Osteoporosis in diseases classified elsewhere,160,XIII. Diseases of the musculoskeletal system and connective tissue,XIII. Musculoskeletal Diseases,#1f77b4,M82,icdcodes
838,838,M83 Adult osteomalacia,95,XIII. Diseases of the musculoskeletal system and connective tissue,XIII. Musculoskeletal Diseases,#1f77b4,M83,icdcodes
839,839,M84 Disorders of continuity of bone,3158,XIII. Diseases of the musculoskeletal system and connective tissue,XIII. Musculoskeletal Diseases,#1f77b4,M84,icdcodes
840,840,M85 Other disorders of bone density and structure,11618,XIII. Diseases of the musculoskeletal system and connective tissue,XIII. Musculoskeletal Diseases,#1f77b4,M85,icdcodes
841,841,M86 Osteomyelitis,2093,XIII. Diseases of the musculoskeletal system and connective tissue,XIII. Musculoskeletal Diseases,#1f77b4,M86,icdcodes
842,842,M87 Osteonecrosis,842,XIII. Diseases of the musculoskeletal system and connective tissue,XIII. Musculoskeletal Diseases,#1f77b4,M87,icdcodes
843,843,M88 Paget's disease of bone [osteitis deformans],431,XIII. Diseases of the musculoskeletal system and connective tissue,XIII. Musculoskeletal Diseases,#1f77b4,M88,icdcodes
844,844,M89 Other disorders of bone,4391,XIII. Diseases of the musculoskeletal system and connective tissue,XIII. Musculoskeletal Diseases,#1f77b4,M89,icdcodes
845,845,M90 Osteopathies in diseases classified elsewhere,641,XIII. Diseases of the musculoskeletal system and connective tissue,XIII. Musculoskeletal Diseases,#1f77b4,M90,icdcodes
846,846,M91 Juvenile osteochondrosis of hip and pelvis,167,XIII. Diseases of the musculoskeletal system and connective tissue,XIII. Musculoskeletal Diseases,#1f77b4,M91,icdcodes
847,847,M92 Other juvenile osteochondrosis,550,XIII. Diseases of the musculoskeletal system and connective tissue,XIII. Musculoskeletal Diseases,#1f77b4,M92,icdcodes
848,848,M93 Other osteochondropathies,696,XIII. Diseases of the musculoskeletal system and connective tissue,XIII. Musculoskeletal Diseases,#1f77b4,M93,icdcodes
849,849,M94 Other disorders of cartilage,2256,XIII. Diseases of the musculoskeletal system and connective tissue,XIII. Musculoskeletal Diseases,#1f77b4,M94,icdcodes
850,850,M95 Other acquired deformities of musculoskeletal system and connective tissue,1810,XIII. Diseases of the musculoskeletal system and connective tissue,XIII. Musculoskeletal Diseases,#1f77b4,M95,icdcodes
851,851,"M96 Postprocedural musculoskeletal disorders, not elsewhere classified",818,XIII. Diseases of the musculoskeletal system and connective tissue,XIII. Musculoskeletal Diseases,#1f77b4,M96,icdcodes
852,852,"M99 Biomechanical lesions, not elsewhere classified",373,XIII. Diseases of the musculoskeletal system and connective tissue,XIII. Musculoskeletal Diseases,#1f77b4,M99,icdcodes
853,853,N00 Acute nephritic syndrome,227,XIV. Diseases of the genitourinary system,XIV. Genitourinary Diseases,#ffbb78,N00,icdcodes
854,854,N01 Rapidly progressive nephritic syndrome,12,XIV. Diseases of the genitourinary system,XIV. Genitourinary Diseases,#ffbb78,N01,icdcodes
855,855,N02 Recurrent and persistent haematuria,1183,XIV. Diseases of the genitourinary system,XIV. Genitourinary Diseases,#ffbb78,N02,icdcodes
856,856,N03 Chronic nephritic syndrome,1025,XIV. Diseases of the genitourinary system,XIV. Genitourinary Diseases,#ffbb78,N03,icdcodes
857,857,N04 Nephrotic syndrome,326,XIV. Diseases of the genitourinary system,XIV. Genitourinary Diseases,#ffbb78,N04,icdcodes
858,858,N05 Unspecified nephritic syndrome,616,XIV. Diseases of the genitourinary system,XIV. Genitourinary Diseases,#ffbb78,N05,icdcodes
859,859,N06 Isolated proteinuria with specified morphological lesion,16,XIV. Diseases of the genitourinary system,XIV. Genitourinary Diseases,#ffbb78,N06,icdcodes
860,860,"N07 Hereditary nephropathy, not elsewhere classified",11,XIV. Diseases of the genitourinary system,XIV. Genitourinary Diseases,#ffbb78,N07,icdcodes
861,861,N08 Glomerular disorders in diseases classified elsewhere,819,XIV. Diseases of the genitourinary system,XIV. Genitourinary Diseases,#ffbb78,N08,icdcodes
862,862,N10 Acute tubulo-interstitial nephritis,1265,XIV. Diseases of the genitourinary system,XIV. Genitourinary Diseases,#ffbb78,N10,icdcodes
863,863,N11 Chronic tubulo-interstitial nephritis,270,XIV. Diseases of the genitourinary system,XIV. Genitourinary Diseases,#ffbb78,N11,icdcodes
864,864,"N12 Tubulo-interstitial nephritis, not specified as acute or chronic",1968,XIV. Diseases of the genitourinary system,XIV. Genitourinary Diseases,#ffbb78,N12,icdcodes
865,865,N13 Obstructive and reflux uropathy,4987,XIV. Diseases of the genitourinary system,XIV. Genitourinary Diseases,#ffbb78,N13,icdcodes
866,866,N14 Drug- and heavy-metal-induced tubulo-interstitial and tubular conditions,67,XIV. Diseases of the genitourinary system,XIV. Genitourinary Diseases,#ffbb78,N14,icdcodes
867,867,N15 Other renal tubulo-interstitial diseases,173,XIV. Diseases of the genitourinary system,XIV. Genitourinary Diseases,#ffbb78,N15,icdcodes
868,868,N16 Renal tubulo-interstitial disorders in diseases classified elsewhere,48,XIV. Diseases of the genitourinary system,XIV. Genitourinary Diseases,#ffbb78,N16,icdcodes
869,869,N17 Acute renal failure,14126,XIV. Diseases of the genitourinary system,XIV. Genitourinary Diseases,#ffbb78,N17,icdcodes
870,870,N18 Chronic renal failure,19401,XIV. Diseases of the genitourinary system,XIV. Genitourinary Diseases,#ffbb78,N18,icdcodes
871,871,N19 Unspecified renal failure,2751,XIV. Diseases of the genitourinary system,XIV. Genitourinary Diseases,#ffbb78,N19,icdcodes
872,872,N20 Calculus of kidney and ureter,7187,XIV. Diseases of the genitourinary system,XIV. Genitourinary Diseases,#ffbb78,N20,icdcodes
873,873,N21 Calculus of lower urinary tract,1268,XIV. Diseases of the genitourinary system,XIV. Genitourinary Diseases,#ffbb78,N21,icdcodes
874,874,N22 Calculus of urinary tract in diseases classified elsewhere,,XIV. Diseases of the genitourinary system,XIV. Genitourinary Diseases,#ffbb78,N22,icdcodes
875,875,N23 Unspecified renal colic,4526,XIV. Diseases of the genitourinary system,XIV. Genitourinary Diseases,#ffbb78,N23,icdcodes
876,876,N25 Disorders resulting from impaired renal tubular function,189,XIV. Diseases of the genitourinary system,XIV. Genitourinary Diseases,#ffbb78,N25,icdcodes
877,877,N26 Unspecified contracted kidney,291,XIV. Diseases of the genitourinary system,XIV. Genitourinary Diseases,#ffbb78,N26,icdcodes
878,878,N27 Small kidney of unknown cause,114,XIV. Diseases of the genitourinary system,XIV. Genitourinary Diseases,#ffbb78,N27,icdcodes
879,879,"N28 Other disorders of kidney and ureter, not elsewhere classified",7088,XIV. Diseases of the genitourinary system,XIV. Genitourinary Diseases,#ffbb78,N28,icdcodes
880,880,N29 Other disorders of kidney and ureter in diseases classified elsewhere,36,XIV. Diseases of the genitourinary system,XIV. Genitourinary Diseases,#ffbb78,N29,icdcodes
881,881,N30 Cystitis,14539,XIV. Diseases of the genitourinary system,XIV. Genitourinary Diseases,#ffbb78,N30,icdcodes
882,882,"N31 Neuromuscular dysfunction of bladder, not elsewhere classified",4036,XIV. Diseases of the genitourinary system,XIV. Genitourinary Diseases,#ffbb78,N31,icdcodes
883,883,N32 Other disorders of bladder,15631,XIV. Diseases of the genitourinary system,XIV. Genitourinary Diseases,#ffbb78,N32,icdcodes
884,884,N33 Bladder disorders in diseases classified elsewhere,7,XIV. Diseases of the genitourinary system,XIV. Genitourinary Diseases,#ffbb78,N33,icdcodes
885,885,N34 Urethritis and urethral syndrome,908,XIV. Diseases of the genitourinary system,XIV. Genitourinary Diseases,#ffbb78,N34,icdcodes
886,886,N35 Urethral stricture,4509,XIV. Diseases of the genitourinary system,XIV. Genitourinary Diseases,#ffbb78,N35,icdcodes
887,887,N36 Other disorders of urethra,1293,XIV. Diseases of the genitourinary system,XIV. Genitourinary Diseases,#ffbb78,N36,icdcodes
888,888,N37 Urethral disorders in diseases classified elsewhere,5,XIV. Diseases of the genitourinary system,XIV. Genitourinary Diseases,#ffbb78,N37,icdcodes
889,889,N39 Other disorders of urinary system,41174,XIV. Diseases of the genitourinary system,XIV. Genitourinary Diseases,#ffbb78,N39,icdcodes
890,890,N40 Hyperplasia of prostate,25062,XIV. Diseases of the genitourinary system,XIV. Genitourinary Diseases,#ffbb78,N40,icdcodes
891,891,N41 Inflammatory diseases of prostate,3685,XIV. Diseases of the genitourinary system,XIV. Genitourinary Diseases,#ffbb78,N41,icdcodes
892,892,N42 Other disorders of prostate,2665,XIV. Diseases of the genitourinary system,XIV. Genitourinary Diseases,#ffbb78,N42,icdcodes
893,893,N43 Hydrocele and spermatocele,2117,XIV. Diseases of the genitourinary system,XIV. Genitourinary Diseases,#ffbb78,N43,icdcodes
894,894,N44 Torsion of testis,194,XIV. Diseases of the genitourinary system,XIV. Genitourinary Diseases,#ffbb78,N44,icdcodes
895,895,N45 Orchitis and epididymitis,2378,XIV. Diseases of the genitourinary system,XIV. Genitourinary Diseases,#ffbb78,N45,icdcodes
896,896,N46 Male infertility,479,XIV. Diseases of the genitourinary system,XIV. Genitourinary Diseases,#ffbb78,N46,icdcodes
897,897,"N47 Redundant prepuce, phimosis and paraphimosis",3074,XIV. Diseases of the genitourinary system,XIV. Genitourinary Diseases,#ffbb78,N47,icdcodes
898,898,N48 Other disorders of penis,5545,XIV. Diseases of the genitourinary system,XIV. Genitourinary Diseases,#ffbb78,N48,icdcodes
899,899,"N49 Inflammatory disorders of male genital organs, not elsewhere classified",393,XIV. Diseases of the genitourinary system,XIV. Genitourinary Diseases,#ffbb78,N49,icdcodes
900,900,N50 Other disorders of male genital organs,9385,XIV. Diseases of the genitourinary system,XIV. Genitourinary Diseases,#ffbb78,N50,icdcodes
901,901,N51 Disorders of male genital organs in diseases classified elsewhere,37,XIV. Diseases of the genitourinary system,XIV. Genitourinary Diseases,#ffbb78,N51,icdcodes
902,902,N60 Benign mammary dysplasia,9889,XIV. Diseases of the genitourinary system,XIV. Genitourinary Diseases,#ffbb78,N60,icdcodes
903,903,N61 Inflammatory disorders of breast,1594,XIV. Diseases of the genitourinary system,XIV. Genitourinary Diseases,#ffbb78,N61,icdcodes
904,904,N62 Hypertrophy of breast,1713,XIV. Diseases of the genitourinary system,XIV. Genitourinary Diseases,#ffbb78,N62,icdcodes
905,905,N63 Unspecified lump in breast,12916,XIV. Diseases of the genitourinary system,XIV. Genitourinary Diseases,#ffbb78,N63,icdcodes
906,906,N64 Other disorders of breast,10857,XIV. Diseases of the genitourinary system,XIV. Genitourinary Diseases,#ffbb78,N64,icdcodes
907,907,N70 Salpingitis and oophoritis,901,XIV. Diseases of the genitourinary system,XIV. Genitourinary Diseases,#ffbb78,N70,icdcodes
908,908,"N71 Inflammatory disease of uterus, except cervix",446,XIV. Diseases of the genitourinary system,XIV. Genitourinary Diseases,#ffbb78,N71,icdcodes
909,909,N72 Inflammatory disease of cervix uteri,1675,XIV. Diseases of the genitourinary system,XIV. Genitourinary Diseases,#ffbb78,N72,icdcodes
910,910,N73 Other female pelvic inflammatory diseases,4089,XIV. Diseases of the genitourinary system,XIV. Genitourinary Diseases,#ffbb78,N73,icdcodes
911,911,N74 Female pelvic inflammatory disorders in diseases classified elsewhere,19,XIV. Diseases of the genitourinary system,XIV. Genitourinary Diseases,#ffbb78,N74,icdcodes
912,912,N75 Diseases of bartholin's gland,1937,XIV. Diseases of the genitourinary system,XIV. Genitourinary Diseases,#ffbb78,N75,icdcodes
913,913,N76 Other inflammation of vagina and vulva,4124,XIV. Diseases of the genitourinary system,XIV. Genitourinary Diseases,#ffbb78,N76,icdcodes
914,914,N77 Vulvovaginal ulceration and inflammation in diseases classified elsewhere,344,XIV. Diseases of the genitourinary system,XIV. Genitourinary Diseases,#ffbb78,N77,icdcodes
915,915,N80 Endometriosis,7914,XIV. Diseases of the genitourinary system,XIV. Genitourinary Diseases,#ffbb78,N80,icdcodes
916,916,N81 Female genital prolapse,15581,XIV. Diseases of the genitourinary system,XIV. Genitourinary Diseases,#ffbb78,N81,icdcodes
917,917,N82 Fistulae involving female genital tract,255,XIV. Diseases of the genitourinary system,XIV. Genitourinary Diseases,#ffbb78,N82,icdcodes
918,918,"N83 Noninflammatory disorders of ovary, fallopian tube and broad ligament",10477,XIV. Diseases of the genitourinary system,XIV. Genitourinary Diseases,#ffbb78,N83,icdcodes
919,919,N84 Polyp of female genital tract,14674,XIV. Diseases of the genitourinary system,XIV. Genitourinary Diseases,#ffbb78,N84,icdcodes
920,920,"N85 Other noninflammatory disorders of uterus, except cervix",6791,XIV. Diseases of the genitourinary system,XIV. Genitourinary Diseases,#ffbb78,N85,icdcodes
921,921,N86 Erosion and ectropion of cervix uteri,1652,XIV. Diseases of the genitourinary system,XIV. Genitourinary Diseases,#ffbb78,N86,icdcodes
922,922,N87 Dysplasia of cervix uteri,6060,XIV. Diseases of the genitourinary system,XIV. Genitourinary Diseases,#ffbb78,N87,icdcodes
923,923,N88 Other noninflammatory disorders of cervix uteri,2519,XIV. Diseases of the genitourinary system,XIV. Genitourinary Diseases,#ffbb78,N88,icdcodes
924,924,N89 Other noninflammatory disorders of vagina,9965,XIV. Diseases of the genitourinary system,XIV. Genitourinary Diseases,#ffbb78,N89,icdcodes
925,925,N90 Other noninflammatory disorders of vulva and perineum,5257,XIV. Diseases of the genitourinary system,XIV. Genitourinary Diseases,#ffbb78,N90,icdcodes
926,926,"N91 Absent, scanty and rare menstruation",1967,XIV. Diseases of the genitourinary system,XIV. Genitourinary Diseases,#ffbb78,N91,icdcodes
927,927,"N92 Excessive, frequent and irregular menstruation",23776,XIV. Diseases of the genitourinary system,XIV. Genitourinary Diseases,#ffbb78,N92,icdcodes
928,928,N93 Other abnormal uterine and vaginal bleeding,8879,XIV. Diseases of the genitourinary system,XIV. Genitourinary Diseases,#ffbb78,N93,icdcodes
929,929,N94 Pain and other conditions associated with female genital organs and menstrual cycle,9761,XIV. Diseases of the genitourinary system,XIV. Genitourinary Diseases,#ffbb78,N94,icdcodes
930,930,N95 Menopausal and other perimenopausal disorders,30233,XIV. Diseases of the genitourinary system,XIV. Genitourinary Diseases,#ffbb78,N95,icdcodes
931,931,N96 Habitual aborter,26,XIV. Diseases of the genitourinary system,XIV. Genitourinary Diseases,#ffbb78,N96,icdcodes
932,932,N97 Female infertility,3280,XIV. Diseases of the genitourinary system,XIV. Genitourinary Diseases,#ffbb78,N97,icdcodes
933,933,N98 Complications associated with artificial fertilisation,51,XIV. Diseases of the genitourinary system,XIV. Genitourinary Diseases,#ffbb78,N98,icdcodes
934,934,"N99 Postprocedural disorders of genito-urinary system, not elsewhere classified",1471,XIV. Diseases of the genitourinary system,XIV. Genitourinary Diseases,#ffbb78,N99,icdcodes
935,935,O00 Ectopic pregnancy,824,"XV. Pregnancy, childbirth and the puerperium",XV. Pregnancy & Childbirth,#e377c2,O00,icdcodes
936,936,O01 Hydatidiform mole,181,"XV. Pregnancy, childbirth and the puerperium",XV. Pregnancy & Childbirth,#e377c2,O01,icdcodes
937,937,O02 Other abnormal products of conception,1836,"XV. Pregnancy, childbirth and the puerperium",XV. Pregnancy & Childbirth,#e377c2,O02,icdcodes
938,938,O03 Spontaneous abortion,4640,"XV. Pregnancy, childbirth and the puerperium",XV. Pregnancy & Childbirth,#e377c2,O03,icdcodes
939,939,O04 Medical abortion,3219,"XV. Pregnancy, childbirth and the puerperium",XV. Pregnancy & Childbirth,#e377c2,O04,icdcodes
940,940,O05 Other abortion,6,"XV. Pregnancy, childbirth and the puerperium",XV. Pregnancy & Childbirth,#e377c2,O05,icdcodes
941,941,O06 Unspecified abortion,406,"XV. Pregnancy, childbirth and the puerperium",XV. Pregnancy & Childbirth,#e377c2,O06,icdcodes
942,942,O07 Failed attempted abortion,21,"XV. Pregnancy, childbirth and the puerperium",XV. Pregnancy & Childbirth,#e377c2,O07,icdcodes
943,943,O08 Complications following abortion and ectopic and molar pregnancy,70,"XV. Pregnancy, childbirth and the puerperium",XV. Pregnancy & Childbirth,#e377c2,O08,icdcodes
944,944,"O10 Pre-existing hypertension complicating pregnancy, childbirth and the puerperium",109,"XV. Pregnancy, childbirth and the puerperium",XV. Pregnancy & Childbirth,#e377c2,O10,icdcodes
945,945,O11 Pre-existing hypertensive disorder with superimposed proteinuria,22,"XV. Pregnancy, childbirth and the puerperium",XV. Pregnancy & Childbirth,#e377c2,O11,icdcodes
946,946,O12 Gestational [pregnancy-induced] oedema and proteinuria without hypertension,179,"XV. Pregnancy, childbirth and the puerperium",XV. Pregnancy & Childbirth,#e377c2,O12,icdcodes
947,947,O13 Gestational [pregnancy-induced] hypertension without significant proteinuria,677,"XV. Pregnancy, childbirth and the puerperium",XV. Pregnancy & Childbirth,#e377c2,O13,icdcodes
948,948,O14 Gestational [pregnancy-induced] hypertension with significant proteinuria,456,"XV. Pregnancy, childbirth and the puerperium",XV. Pregnancy & Childbirth,#e377c2,O14,icdcodes
949,949,O15 Eclampsia,74,"XV. Pregnancy, childbirth and the puerperium",XV. Pregnancy & Childbirth,#e377c2,O15,icdcodes
950,950,O16 Unspecified maternal hypertension,689,"XV. Pregnancy, childbirth and the puerperium",XV. Pregnancy & Childbirth,#e377c2,O16,icdcodes
951,951,O20 Haemorrhage in early pregnancy,1249,"XV. Pregnancy, childbirth and the puerperium",XV. Pregnancy & Childbirth,#e377c2,O20,icdcodes
952,952,O21 Excessive vomiting in pregnancy,332,"XV. Pregnancy, childbirth and the puerperium",XV. Pregnancy & Childbirth,#e377c2,O21,icdcodes
953,953,O22 Venous complications in pregnancy,121,"XV. Pregnancy, childbirth and the puerperium",XV. Pregnancy & Childbirth,#e377c2,O22,icdcodes
954,954,O23 Infections of genito-urinary tract in pregnancy,270,"XV. Pregnancy, childbirth and the puerperium",XV. Pregnancy & Childbirth,#e377c2,O23,icdcodes
955,955,O24 Diabetes mellitus in pregnancy,623,"XV. Pregnancy, childbirth and the puerperium",XV. Pregnancy & Childbirth,#e377c2,O24,icdcodes
956,956,O25 Malnutrition in pregnancy,1,"XV. Pregnancy, childbirth and the puerperium",XV. Pregnancy & Childbirth,#e377c2,O25,icdcodes
957,957,O26 Maternal care for other conditions predominantly related to pregnancy,2008,"XV. Pregnancy, childbirth and the puerperium",XV. Pregnancy & Childbirth,#e377c2,O26,icdcodes
958,958,O28 Abnormal findings on antenatal screening of mother,123,"XV. Pregnancy, childbirth and the puerperium",XV. Pregnancy & Childbirth,#e377c2,O28,icdcodes
959,959,O29 Complications of anaesthesia during pregnancy,2,"XV. Pregnancy, childbirth and the puerperium",XV. Pregnancy & Childbirth,#e377c2,O29,icdcodes
960,960,O30 Multiple gestation,514,"XV. Pregnancy, childbirth and the puerperium",XV. Pregnancy & Childbirth,#e377c2,O30,icdcodes
961,961,O31 Complications specific to multiple gestation,31,"XV. Pregnancy, childbirth and the puerperium",XV. Pregnancy & Childbirth,#e377c2,O31,icdcodes
962,962,O32 Maternal care for known or suspected malpresentation of foetus,1262,"XV. Pregnancy, childbirth and the puerperium",XV. Pregnancy & Childbirth,#e377c2,O32,icdcodes
963,963,O33 Maternal care for known or suspected disproportion,79,"XV. Pregnancy, childbirth and the puerperium",XV. Pregnancy & Childbirth,#e377c2,O33,icdcodes
964,964,O34 Maternal care for known or suspected abnormality of pelvic organs,1663,"XV. Pregnancy, childbirth and the puerperium",XV. Pregnancy & Childbirth,#e377c2,O34,icdcodes
965,965,O35 Maternal care for known or suspected foetal abnormality and damage,271,"XV. Pregnancy, childbirth and the puerperium",XV. Pregnancy & Childbirth,#e377c2,O35,icdcodes
966,966,O36 Maternal care for other known or suspected foetal problems,1993,"XV. Pregnancy, childbirth and the puerperium",XV. Pregnancy & Childbirth,#e377c2,O36,icdcodes
967,967,O40 Polyhydramnios,123,"XV. Pregnancy, childbirth and the puerperium",XV. Pregnancy & Childbirth,#e377c2,O40,icdcodes
968,968,O41 Other disorders of amniotic fluid and membranes,262,"XV. Pregnancy, childbirth and the puerperium",XV. Pregnancy & Childbirth,#e377c2,O41,icdcodes
969,969,O42 Premature rupture of membranes,1145,"XV. Pregnancy, childbirth and the puerperium",XV. Pregnancy & Childbirth,#e377c2,O42,icdcodes
970,970,O43 Placental disorders,247,"XV. Pregnancy, childbirth and the puerperium",XV. Pregnancy & Childbirth,#e377c2,O43,icdcodes
971,971,O44 Placenta praevia,207,"XV. Pregnancy, childbirth and the puerperium",XV. Pregnancy & Childbirth,#e377c2,O44,icdcodes
972,972,O45 Premature separation of placenta [abruptio placentae],49,"XV. Pregnancy, childbirth and the puerperium",XV. Pregnancy & Childbirth,#e377c2,O45,icdcodes
973,973,"O46 Antepartum haemorrhage, not elsewhere classified",679,"XV. Pregnancy, childbirth and the puerperium",XV. Pregnancy & Childbirth,#e377c2,O46,icdcodes
974,974,O47 False labour,1103,"XV. Pregnancy, childbirth and the puerperium",XV. Pregnancy & Childbirth,#e377c2,O47,icdcodes
975,975,O48 Prolonged pregnancy,1176,"XV. Pregnancy, childbirth and the puerperium",XV. Pregnancy & Childbirth,#e377c2,O48,icdcodes
976,976,O60 Preterm delivery,793,"XV. Pregnancy, childbirth and the puerperium",XV. Pregnancy & Childbirth,#e377c2,O60,icdcodes
977,977,O61 Failed induction of labour,157,"XV. Pregnancy, childbirth and the puerperium",XV. Pregnancy & Childbirth,#e377c2,O61,icdcodes
978,978,O62 Abnormalities of forces of labour,449,"XV. Pregnancy, childbirth and the puerperium",XV. Pregnancy & Childbirth,#e377c2,O62,icdcodes
979,979,O63 Long labour,1948,"XV. Pregnancy, childbirth and the puerperium",XV. Pregnancy & Childbirth,#e377c2,O63,icdcodes
980,980,O64 Obstructed labour due to malposition and malpresentation of foetus,428,"XV. Pregnancy, childbirth and the puerperium",XV. Pregnancy & Childbirth,#e377c2,O64,icdcodes
981,981,O65 Obstructed labour due to maternal pelvic abnormality,42,"XV. Pregnancy, childbirth and the puerperium",XV. Pregnancy & Childbirth,#e377c2,O65,icdcodes
982,982,O66 Other obstructed labour,342,"XV. Pregnancy, childbirth and the puerperium",XV. Pregnancy & Childbirth,#e377c2,O66,icdcodes
983,983,"O67 Labour and delivery complicated by intrapartum haemorrhage, not elsewhere classified",117,"XV. Pregnancy, childbirth and the puerperium",XV. Pregnancy & Childbirth,#e377c2,O67,icdcodes
984,984,O68 Labour and delivery complicated by foetal stress [distress],3448,"XV. Pregnancy, childbirth and the puerperium",XV. Pregnancy & Childbirth,#e377c2,O68,icdcodes
985,985,O69 Labour and delivery complicated by umbilical cord complications,625,"XV. Pregnancy, childbirth and the puerperium",XV. Pregnancy & Childbirth,#e377c2,O69,icdcodes
986,986,O70 Perineal laceration during delivery,5530,"XV. Pregnancy, childbirth and the puerperium",XV. Pregnancy & Childbirth,#e377c2,O70,icdcodes
987,987,O71 Other obstetric trauma,236,"XV. Pregnancy, childbirth and the puerperium",XV. Pregnancy & Childbirth,#e377c2,O71,icdcodes
988,988,O72 Postpartum haemorrhage,1691,"XV. Pregnancy, childbirth and the puerperium",XV. Pregnancy & Childbirth,#e377c2,O72,icdcodes
989,989,"O73 Retained placenta and membranes, without haemorrhage",240,"XV. Pregnancy, childbirth and the puerperium",XV. Pregnancy & Childbirth,#e377c2,O73,icdcodes
990,990,O74 Complications of anaesthesia during labour and delivery,27,"XV. Pregnancy, childbirth and the puerperium",XV. Pregnancy & Childbirth,#e377c2,O74,icdcodes
991,991,"O75 Other complications of labour and delivery, not elsewhere classified",816,"XV. Pregnancy, childbirth and the puerperium",XV. Pregnancy & Childbirth,#e377c2,O75,icdcodes
992,992,O80 Single spontaneous delivery,12271,"XV. Pregnancy, childbirth and the puerperium",XV. Pregnancy & Childbirth,#e377c2,O80,icdcodes
993,993,O81 Single delivery by forceps and vacuum extractor,1578,"XV. Pregnancy, childbirth and the puerperium",XV. Pregnancy & Childbirth,#e377c2,O81,icdcodes
994,994,O82 Single delivery by caesarean section,2292,"XV. Pregnancy, childbirth and the puerperium",XV. Pregnancy & Childbirth,#e377c2,O82,icdcodes
995,995,O83 Other assisted single delivery,20,"XV. Pregnancy, childbirth and the puerperium",XV. Pregnancy & Childbirth,#e377c2,O83,icdcodes
996,996,O84 Multiple delivery,29,"XV. Pregnancy, childbirth and the puerperium",XV. Pregnancy & Childbirth,#e377c2,O84,icdcodes
997,997,O85 Puerperal sepsis,66,"XV. Pregnancy, childbirth and the puerperium",XV. Pregnancy & Childbirth,#e377c2,O85,icdcodes
998,998,O86 Other puerperal infections,252,"XV. Pregnancy, childbirth and the puerperium",XV. Pregnancy & Childbirth,#e377c2,O86,icdcodes
999,999,O87 Venous complications in the puerperium,116,"XV. Pregnancy, childbirth and the puerperium",XV. Pregnancy & Childbirth,#e377c2,O87,icdcodes
1000,1000,O88 Obstetric embolism,13,"XV. Pregnancy, childbirth and the puerperium",XV. Pregnancy & Childbirth,#e377c2,O88,icdcodes
1001,1001,O89 Complications of anaesthesia during the puerperium,24,"XV. Pregnancy, childbirth and the puerperium",XV. Pregnancy & Childbirth,#e377c2,O89,icdcodes
1002,1002,"O90 Complications of the puerperium, not elsewhere classified",257,"XV. Pregnancy, childbirth and the puerperium",XV. Pregnancy & Childbirth,#e377c2,O90,icdcodes
1003,1003,O91 Infections of breast associated with childbirth,265,"XV. Pregnancy, childbirth and the puerperium",XV. Pregnancy & Childbirth,#e377c2,O91,icdcodes
1004,1004,O92 Other disorders of breast and lactation associated with childbirth,174,"XV. Pregnancy, childbirth and the puerperium",XV. Pregnancy & Childbirth,#e377c2,O92,icdcodes
1005,1005,"O94 Sequelae of complication of pregnancy, childbirth and the puerperium",6,"XV. Pregnancy, childbirth and the puerperium",XV. Pregnancy & Childbirth,#e377c2,O94,icdcodes
1006,1006,O96 Death from any obstetric cause occurring more than 42 days but less than one year after delivery,1,"XV. Pregnancy, childbirth and the puerperium",XV. Pregnancy & Childbirth,#e377c2,O96,icdcodes
1007,1007,"O98 Maternal infectious and parasitic diseases classifiable elsewhere but complicating pregnancy, childbirth and the puerperium",72,"XV. Pregnancy, childbirth and the puerperium",XV. Pregnancy & Childbirth,#e377c2,O98,icdcodes
1008,1008,"O99 Other maternal diseases classifiable elsewhere but complicating pregnancy, childbirth and the puerperium",2091,"XV. Pregnancy, childbirth and the puerperium",XV. Pregnancy & Childbirth,#e377c2,O99,icdcodes
1009,1009,P00 Foetus and newborn affected by maternal conditions that may be unrelated to present pregnancy,6,XVI. Certain conditions originating in the perinatal period,XVI. Perinatal Conditions,#f7b6d2,P00,icdcodes
1010,1010,"P02 Foetus and newborn affected by complications of placenta, cord and membranes",7,XVI. Certain conditions originating in the perinatal period,XVI. Perinatal Conditions,#f7b6d2,P02,icdcodes
1011,1011,P03 Foetus and newborn affected by other complications of labour and delivery,132,XVI. Certain conditions originating in the perinatal period,XVI. Perinatal Conditions,#f7b6d2,P03,icdcodes
1012,1012,P04 Foetus and newborn affected by noxious influences transmitted via placenta or breast milk,1,XVI. Certain conditions originating in the perinatal period,XVI. Perinatal Conditions,#f7b6d2,P04,icdcodes
1013,1013,P05 Slow foetal growth and foetal malnutrition,5,XVI. Certain conditions originating in the perinatal period,XVI. Perinatal Conditions,#f7b6d2,P05,icdcodes
1014,1014,"P07 Disorders related to short gestation and low birth weight, not elsewhere classified",25,XVI. Certain conditions originating in the perinatal period,XVI. Perinatal Conditions,#f7b6d2,P07,icdcodes
1015,1015,P08 Disorders related to long gestation and high birth weight,8,XVI. Certain conditions originating in the perinatal period,XVI. Perinatal Conditions,#f7b6d2,P08,icdcodes
1016,1016,P10 Intracranial laceration and haemorrhage due to birth injury,2,XVI. Certain conditions originating in the perinatal period,XVI. Perinatal Conditions,#f7b6d2,P10,icdcodes
1017,1017,P11 Other birth injuries to central nervous system,4,XVI. Certain conditions originating in the perinatal period,XVI. Perinatal Conditions,#f7b6d2,P11,icdcodes
1018,1018,P12 Birth injury to scalp,3,XVI. Certain conditions originating in the perinatal period,XVI. Perinatal Conditions,#f7b6d2,P12,icdcodes
1019,1019,P13 Birth injury to skeleton,4,XVI. Certain conditions originating in the perinatal period,XVI. Perinatal Conditions,#f7b6d2,P13,icdcodes
1020,1020,P14 Birth injury to peripheral nervous system,16,XVI. Certain conditions originating in the perinatal period,XVI. Perinatal Conditions,#f7b6d2,P14,icdcodes
1021,1021,P15 Other birth injuries,13,XVI. Certain conditions originating in the perinatal period,XVI. Perinatal Conditions,#f7b6d2,P15,icdcodes
1022,1022,P20 Intra-uterine hypoxia,7,XVI. Certain conditions originating in the perinatal period,XVI. Perinatal Conditions,#f7b6d2,P20,icdcodes
1023,1023,P21 Birth asphyxia,2,XVI. Certain conditions originating in the perinatal period,XVI. Perinatal Conditions,#f7b6d2,P21,icdcodes
1024,1024,P22 Respiratory distress of newborn,5,XVI. Certain conditions originating in the perinatal period,XVI. Perinatal Conditions,#f7b6d2,P22,icdcodes
1025,1025,P23 Congenital pneumonia,1,XVI. Certain conditions originating in the perinatal period,XVI. Perinatal Conditions,#f7b6d2,P23,icdcodes
1026,1026,P24 Neonatal aspiration syndromes,2,XVI. Certain conditions originating in the perinatal period,XVI. Perinatal Conditions,#f7b6d2,P24,icdcodes
1027,1027,P25 Interstitial emphysema and related conditions originating in the perinatal period,2,XVI. Certain conditions originating in the perinatal period,XVI. Perinatal Conditions,#f7b6d2,P25,icdcodes
1028,1028,P26 Pulmonary haemorrhage originating in the perinatal period,1,XVI. Certain conditions originating in the perinatal period,XVI. Perinatal Conditions,#f7b6d2,P26,icdcodes
1029,1029,P27 Chronic respiratory disease originating in the perinatal period,1,XVI. Certain conditions originating in the perinatal period,XVI. Perinatal Conditions,#f7b6d2,P27,icdcodes
1030,1030,P28 Other respiratory conditions originating in the perinatal period,16,XVI. Certain conditions originating in the perinatal period,XVI. Perinatal Conditions,#f7b6d2,P28,icdcodes
1031,1031,P29 Cardiovascular disorders originating in the perinatal period,10,XVI. Certain conditions originating in the perinatal period,XVI. Perinatal Conditions,#f7b6d2,P29,icdcodes
1032,1032,P35 Congenital viral diseases,15,XVI. Certain conditions originating in the perinatal period,XVI. Perinatal Conditions,#f7b6d2,P35,icdcodes
1033,1033,P36 Bacterial sepsis of newborn,27,XVI. Certain conditions originating in the perinatal period,XVI. Perinatal Conditions,#f7b6d2,P36,icdcodes
1034,1034,P37 Other congenital infectious and parasitic diseases,15,XVI. Certain conditions originating in the perinatal period,XVI. Perinatal Conditions,#f7b6d2,P37,icdcodes
1035,1035,P38 Omphalitis of newborn with or without mild haemorrhage,17,XVI. Certain conditions originating in the perinatal period,XVI. Perinatal Conditions,#f7b6d2,P38,icdcodes
1036,1036,P39 Other infections specific to the perinatal period,13,XVI. Certain conditions originating in the perinatal period,XVI. Perinatal Conditions,#f7b6d2,P39,icdcodes
1037,1037,P50 Foetal blood loss,1,XVI. Certain conditions originating in the perinatal period,XVI. Perinatal Conditions,#f7b6d2,P50,icdcodes
1038,1038,P51 Umbilical haemorrhage of newborn,6,XVI. Certain conditions originating in the perinatal period,XVI. Perinatal Conditions,#f7b6d2,P51,icdcodes
1039,1039,P52 Intracranial nontraumatic haemorrhage of foetus and newborn,1,XVI. Certain conditions originating in the perinatal period,XVI. Perinatal Conditions,#f7b6d2,P52,icdcodes
1040,1040,P53 Haemorrhagic disease of foetus and newborn,2,XVI. Certain conditions originating in the perinatal period,XVI. Perinatal Conditions,#f7b6d2,P53,icdcodes
1041,1041,P54 Other neonatal haemorrhages,8,XVI. Certain conditions originating in the perinatal period,XVI. Perinatal Conditions,#f7b6d2,P54,icdcodes
1042,1042,P55 Haemolytic disease of foetus and newborn,8,XVI. Certain conditions originating in the perinatal period,XVI. Perinatal Conditions,#f7b6d2,P55,icdcodes
1043,1043,P58 Neonatal jaundice due to other excessive haemolysis,3,XVI. Certain conditions originating in the perinatal period,XVI. Perinatal Conditions,#f7b6d2,P58,icdcodes
1044,1044,P59 Neonatal jaundice from other and unspecified causes,20,XVI. Certain conditions originating in the perinatal period,XVI. Perinatal Conditions,#f7b6d2,P59,icdcodes
1045,1045,P61 Other perinatal haematological disorders,4,XVI. Certain conditions originating in the perinatal period,XVI. Perinatal Conditions,#f7b6d2,P61,icdcodes
1046,1046,P70 Transitory disorders of carbohydrate metabolism specific to foetus and newborn,2,XVI. Certain conditions originating in the perinatal period,XVI. Perinatal Conditions,#f7b6d2,P70,icdcodes
1047,1047,P71 Transitory neonatal disorders of calcium and magnesium metabolism,1,XVI. Certain conditions originating in the perinatal period,XVI. Perinatal Conditions,#f7b6d2,P71,icdcodes
1048,1048,P78 Other perinatal digestive system disorders,1,XVI. Certain conditions originating in the perinatal period,XVI. Perinatal Conditions,#f7b6d2,P78,icdcodes
1049,1049,P83 Other conditions of integument specific to foetus and newborn,9,XVI. Certain conditions originating in the perinatal period,XVI. Perinatal Conditions,#f7b6d2,P83,icdcodes
1050,1050,P91 Other disturbances of cerebral status of newborn,,XVI. Certain conditions originating in the perinatal period,XVI. Perinatal Conditions,#f7b6d2,P91,icdcodes
1051,1051,P92 Feeding problems of newborn,11,XVI. Certain conditions originating in the perinatal period,XVI. Perinatal Conditions,#f7b6d2,P92,icdcodes
1052,1052,P94 Disorders of muscle tone of newborn,3,XVI. Certain conditions originating in the perinatal period,XVI. Perinatal Conditions,#f7b6d2,P94,icdcodes
1053,1053,P95 Foetal death of unspecified cause,113,XVI. Certain conditions originating in the perinatal period,XVI. Perinatal Conditions,#f7b6d2,P95,icdcodes
1054,1054,P96 Other conditions originating in the perinatal period,171,XVI. Certain conditions originating in the perinatal period,XVI. Perinatal Conditions,#f7b6d2,P96,icdcodes
1055,1055,Q00 Anencephaly and similar malformations,4,"XVII. Congenital malformations, deformations and chromosomal abnormalities",XVII. Congenital Abnormalities,#c5b0d5,Q00,icdcodes
1056,1056,Q01 Encephalocele,11,"XVII. Congenital malformations, deformations and chromosomal abnormalities",XVII. Congenital Abnormalities,#c5b0d5,Q01,icdcodes
1057,1057,Q02 Microcephaly,2,"XVII. Congenital malformations, deformations and chromosomal abnormalities",XVII. Congenital Abnormalities,#c5b0d5,Q02,icdcodes
1058,1058,Q03 Congenital hydrocephalus,29,"XVII. Congenital malformations, deformations and chromosomal abnormalities",XVII. Congenital Abnormalities,#c5b0d5,Q03,icdcodes
1059,1059,Q04 Other congenital malformations of brain,71,"XVII. Congenital malformations, deformations and chromosomal abnormalities",XVII. Congenital Abnormalities,#c5b0d5,Q04,icdcodes
1060,1060,Q05 Spina bifida,311,"XVII. Congenital malformations, deformations and chromosomal abnormalities",XVII. Congenital Abnormalities,#c5b0d5,Q05,icdcodes
1061,1061,Q06 Other congenital malformations of spinal cord,34,"XVII. Congenital malformations, deformations and chromosomal abnormalities",XVII. Congenital Abnormalities,#c5b0d5,Q06,icdcodes
1062,1062,Q07 Other congenital malformations of nervous system,129,"XVII. Congenital malformations, deformations and chromosomal abnormalities",XVII. Congenital Abnormalities,#c5b0d5,Q07,icdcodes
1063,1063,"Q10 Congenital malformations of eyelid, lachrymal apparatus and orbit",122,"XVII. Congenital malformations, deformations and chromosomal abnormalities",XVII. Congenital Abnormalities,#c5b0d5,Q10,icdcodes
1064,1064,"Q11 Anophthalmos, microphthalmos and macrophthalmos",25,"XVII. Congenital malformations, deformations and chromosomal abnormalities",XVII. Congenital Abnormalities,#c5b0d5,Q11,icdcodes
1065,1065,Q12 Congenital lens malformations,245,"XVII. Congenital malformations, deformations and chromosomal abnormalities",XVII. Congenital Abnormalities,#c5b0d5,Q12,icdcodes
1066,1066,Q13 Congenital malformations of anterior segment of eye,49,"XVII. Congenital malformations, deformations and chromosomal abnormalities",XVII. Congenital Abnormalities,#c5b0d5,Q13,icdcodes
1067,1067,Q14 Congenital malformations of posterior segment of eye,237,"XVII. Congenital malformations, deformations and chromosomal abnormalities",XVII. Congenital Abnormalities,#c5b0d5,Q14,icdcodes
1068,1068,Q15 Other congenital malformations of eye,45,"XVII. Congenital malformations, deformations and chromosomal abnormalities",XVII. Congenital Abnormalities,#c5b0d5,Q15,icdcodes
1069,1069,Q16 Congenital malformations of ear causing impairment of hearing,56,"XVII. Congenital malformations, deformations and chromosomal abnormalities",XVII. Congenital Abnormalities,#c5b0d5,Q16,icdcodes
1070,1070,Q17 Other congenital malformations of ear,110,"XVII. Congenital malformations, deformations and chromosomal abnormalities",XVII. Congenital Abnormalities,#c5b0d5,Q17,icdcodes
1071,1071,Q18 Other congenital malformations of face and neck,208,"XVII. Congenital malformations, deformations and chromosomal abnormalities",XVII. Congenital Abnormalities,#c5b0d5,Q18,icdcodes
1072,1072,Q20 Congenital malformations of cardiac chambers and connexions,21,"XVII. Congenital malformations, deformations and chromosomal abnormalities",XVII. Congenital Abnormalities,#c5b0d5,Q20,icdcodes
1073,1073,Q21 Congenital malformations of cardiac septa,1013,"XVII. Congenital malformations, deformations and chromosomal abnormalities",XVII. Congenital Abnormalities,#c5b0d5,Q21,icdcodes
1074,1074,Q22 Congenital malformations of pulmonary and tricuspid valves,47,"XVII. Congenital malformations, deformations and chromosomal abnormalities",XVII. Congenital Abnormalities,#c5b0d5,Q22,icdcodes
1075,1075,Q23 Congenital malformations of aortic and mitral valves,530,"XVII. Congenital malformations, deformations and chromosomal abnormalities",XVII. Congenital Abnormalities,#c5b0d5,Q23,icdcodes
1076,1076,Q24 Other congenital malformations of heart,334,"XVII. Congenital malformations, deformations and chromosomal abnormalities",XVII. Congenital Abnormalities,#c5b0d5,Q24,icdcodes
1077,1077,Q25 Congenital malformations of great arteries,217,"XVII. Congenital malformations, deformations and chromosomal abnormalities",XVII. Congenital Abnormalities,#c5b0d5,Q25,icdcodes
1078,1078,Q26 Congenital malformations of great veins,36,"XVII. Congenital malformations, deformations and chromosomal abnormalities",XVII. Congenital Abnormalities,#c5b0d5,Q26,icdcodes
1079,1079,Q27 Other congenital malformations of peripheral vascular system,245,"XVII. Congenital malformations, deformations and chromosomal abnormalities",XVII. Congenital Abnormalities,#c5b0d5,Q27,icdcodes
1080,1080,Q28 Other congenital malformations of circulatory system,195,"XVII. Congenital malformations, deformations and chromosomal abnormalities",XVII. Congenital Abnormalities,#c5b0d5,Q28,icdcodes
1081,1081,Q30 Congenital malformations of nose,82,"XVII. Congenital malformations, deformations and chromosomal abnormalities",XVII. Congenital Abnormalities,#c5b0d5,Q30,icdcodes
1082,1082,Q31 Congenital malformations of larynx,52,"XVII. Congenital malformations, deformations and chromosomal abnormalities",XVII. Congenital Abnormalities,#c5b0d5,Q31,icdcodes
1083,1083,Q32 Congenital malformations of trachea and bronchus,13,"XVII. Congenital malformations, deformations and chromosomal abnormalities",XVII. Congenital Abnormalities,#c5b0d5,Q32,icdcodes
1084,1084,Q33 Congenital malformations of lung,57,"XVII. Congenital malformations, deformations and chromosomal abnormalities",XVII. Congenital Abnormalities,#c5b0d5,Q33,icdcodes
1085,1085,Q34 Other congenital malformations of respiratory system,11,"XVII. Congenital malformations, deformations and chromosomal abnormalities",XVII. Congenital Abnormalities,#c5b0d5,Q34,icdcodes
1086,1086,Q35 Cleft palate,33,"XVII. Congenital malformations, deformations and chromosomal abnormalities",XVII. Congenital Abnormalities,#c5b0d5,Q35,icdcodes
1087,1087,Q36 Cleft lip,9,"XVII. Congenital malformations, deformations and chromosomal abnormalities",XVII. Congenital Abnormalities,#c5b0d5,Q36,icdcodes
1088,1088,Q37 Cleft palate with cleft lip,31,"XVII. Congenital malformations, deformations and chromosomal abnormalities",XVII. Congenital Abnormalities,#c5b0d5,Q37,icdcodes
1089,1089,"Q38 Other congenital malformations of tongue, mouth and pharynx",464,"XVII. Congenital malformations, deformations and chromosomal abnormalities",XVII. Congenital Abnormalities,#c5b0d5,Q38,icdcodes
1090,1090,Q39 Congenital malformations of oesophagus,198,"XVII. Congenital malformations, deformations and chromosomal abnormalities",XVII. Congenital Abnormalities,#c5b0d5,Q39,icdcodes
1091,1091,Q40 Other congenital malformations of upper alimentary tract,214,"XVII. Congenital malformations, deformations and chromosomal abnormalities",XVII. Congenital Abnormalities,#c5b0d5,Q40,icdcodes
1092,1092,"Q41 Congenital absence, atresia and stenosis of small intestine",5,"XVII. Congenital malformations, deformations and chromosomal abnormalities",XVII. Congenital Abnormalities,#c5b0d5,Q41,icdcodes
1093,1093,"Q42 Congenital absence, atresia and stenosis of large intestine",20,"XVII. Congenital malformations, deformations and chromosomal abnormalities",XVII. Congenital Abnormalities,#c5b0d5,Q42,icdcodes
1094,1094,Q43 Other congenital malformations of intestine,402,"XVII. Congenital malformations, deformations and chromosomal abnormalities",XVII. Congenital Abnormalities,#c5b0d5,Q43,icdcodes
1095,1095,"Q44 Congenital malformations of gallbladder, bile ducts and liver",219,"XVII. Congenital malformations, deformations and chromosomal abnormalities",XVII. Congenital Abnormalities,#c5b0d5,Q44,icdcodes
1096,1096,Q45 Other congenital malformations of digestive system,50,"XVII. Congenital malformations, deformations and chromosomal abnormalities",XVII. Congenital Abnormalities,#c5b0d5,Q45,icdcodes
1097,1097,"Q50 Congenital malformations of ovaries, fallopian tubes and broad ligaments",251,"XVII. Congenital malformations, deformations and chromosomal abnormalities",XVII. Congenital Abnormalities,#c5b0d5,Q50,icdcodes
1098,1098,Q51 Congenital malformations of uterus and cervix,279,"XVII. Congenital malformations, deformations and chromosomal abnormalities",XVII. Congenital Abnormalities,#c5b0d5,Q51,icdcodes
1099,1099,Q52 Other congenital malformations of female genitalia,172,"XVII. Congenital malformations, deformations and chromosomal abnormalities",XVII. Congenital Abnormalities,#c5b0d5,Q52,icdcodes
1100,1100,Q53 Undescended testicle,475,"XVII. Congenital malformations, deformations and chromosomal abnormalities",XVII. Congenital Abnormalities,#c5b0d5,Q53,icdcodes
1101,1101,Q54 Hypospadias,206,"XVII. Congenital malformations, deformations and chromosomal abnormalities",XVII. Congenital Abnormalities,#c5b0d5,Q54,icdcodes
1102,1102,Q55 Other congenital malformations of male genital organs,134,"XVII. Congenital malformations, deformations and chromosomal abnormalities",XVII. Congenital Abnormalities,#c5b0d5,Q55,icdcodes
1103,1103,Q56 Indeterminate sex and pseudohermaphroditism,2,"XVII. Congenital malformations, deformations and chromosomal abnormalities",XVII. Congenital Abnormalities,#c5b0d5,Q56,icdcodes
1104,1104,Q60 Renal agenesis and other reduction defects of kidney,269,"XVII. Congenital malformations, deformations and chromosomal abnormalities",XVII. Congenital Abnormalities,#c5b0d5,Q60,icdcodes
1105,1105,Q61 Cystic kidney disease,800,"XVII. Congenital malformations, deformations and chromosomal abnormalities",XVII. Congenital Abnormalities,#c5b0d5,Q61,icdcodes
1106,1106,Q62 Congenital obstructive defects of renal pelvis and congenital malformations of ureter,133,"XVII. Congenital malformations, deformations and chromosomal abnormalities",XVII. Congenital Abnormalities,#c5b0d5,Q62,icdcodes
1107,1107,Q63 Other congenital malformations of kidney,509,"XVII. Congenital malformations, deformations and chromosomal abnormalities",XVII. Congenital Abnormalities,#c5b0d5,Q63,icdcodes
1108,1108,Q64 Other congenital malformations of urinary system,150,"XVII. Congenital malformations, deformations and chromosomal abnormalities",XVII. Congenital Abnormalities,#c5b0d5,Q64,icdcodes
1109,1109,Q65 Congenital deformities of hip,261,"XVII. Congenital malformations, deformations and chromosomal abnormalities",XVII. Congenital Abnormalities,#c5b0d5,Q65,icdcodes
1110,1110,Q66 Congenital deformities of feet,918,"XVII. Congenital malformations, deformations and chromosomal abnormalities",XVII. Congenital Abnormalities,#c5b0d5,Q66,icdcodes
1111,1111,"Q67 Congenital musculoskeletal deformities of head, face, spine and chest",228,"XVII. Congenital malformations, deformations and chromosomal abnormalities",XVII. Congenital Abnormalities,#c5b0d5,Q67,icdcodes
1112,1112,Q68 Other congenital musculoskeletal deformities,86,"XVII. Congenital malformations, deformations and chromosomal abnormalities",XVII. Congenital Abnormalities,#c5b0d5,Q68,icdcodes
1113,1113,Q69 Polydactyly,11,"XVII. Congenital malformations, deformations and chromosomal abnormalities",XVII. Congenital Abnormalities,#c5b0d5,Q69,icdcodes
1114,1114,Q70 Syndactyly,39,"XVII. Congenital malformations, deformations and chromosomal abnormalities",XVII. Congenital Abnormalities,#c5b0d5,Q70,icdcodes
1115,1115,Q71 Reduction defects of upper limb,25,"XVII. Congenital malformations, deformations and chromosomal abnormalities",XVII. Congenital Abnormalities,#c5b0d5,Q71,icdcodes
1116,1116,Q72 Reduction defects of lower limb,39,"XVII. Congenital malformations, deformations and chromosomal abnormalities",XVII. Congenital Abnormalities,#c5b0d5,Q72,icdcodes
1117,1117,Q73 Reduction defects of unspecified limb,9,"XVII. Congenital malformations, deformations and chromosomal abnormalities",XVII. Congenital Abnormalities,#c5b0d5,Q73,icdcodes
1118,1118,Q74 Other congenital malformations of limbs,210,"XVII. Congenital malformations, deformations and chromosomal abnormalities",XVII. Congenital Abnormalities,#c5b0d5,Q74,icdcodes
1119,1119,Q75 Other congenital malformations of skull and face bones,33,"XVII. Congenital malformations, deformations and chromosomal abnormalities",XVII. Congenital Abnormalities,#c5b0d5,Q75,icdcodes
1120,1120,Q76 Congenital malformations of spine and bony thorax,662,"XVII. Congenital malformations, deformations and chromosomal abnormalities",XVII. Congenital Abnormalities,#c5b0d5,Q76,icdcodes
1121,1121,Q77 Osteochondrodysplasia with defects of growth of tubular bones and spine,31,"XVII. Congenital malformations, deformations and chromosomal abnormalities",XVII. Congenital Abnormalities,#c5b0d5,Q77,icdcodes
1122,1122,Q78 Other osteochondrodysplasias,158,"XVII. Congenital malformations, deformations and chromosomal abnormalities",XVII. Congenital Abnormalities,#c5b0d5,Q78,icdcodes
1123,1123,"Q79 Congenital malformations of musculoskeletal system, not elsewhere classified",250,"XVII. Congenital malformations, deformations and chromosomal abnormalities",XVII. Congenital Abnormalities,#c5b0d5,Q79,icdcodes
1124,1124,Q80 Congenital ichthyosis,94,"XVII. Congenital malformations, deformations and chromosomal abnormalities",XVII. Congenital Abnormalities,#c5b0d5,Q80,icdcodes
1125,1125,Q81 Epidermolysis bullosa,25,"XVII. Congenital malformations, deformations and chromosomal abnormalities",XVII. Congenital Abnormalities,#c5b0d5,Q81,icdcodes
1126,1126,Q82 Other congenital malformations of skin,1305,"XVII. Congenital malformations, deformations and chromosomal abnormalities",XVII. Congenital Abnormalities,#c5b0d5,Q82,icdcodes
1127,1127,Q83 Congenital malformations of breast,129,"XVII. Congenital malformations, deformations and chromosomal abnormalities",XVII. Congenital Abnormalities,#c5b0d5,Q83,icdcodes
1128,1128,Q84 Other congenital malformations of integument,91,"XVII. Congenital malformations, deformations and chromosomal abnormalities",XVII. Congenital Abnormalities,#c5b0d5,Q84,icdcodes
1129,1129,"Q85 Phakomatoses, not elsewhere classified",274,"XVII. Congenital malformations, deformations and chromosomal abnormalities",XVII. Congenital Abnormalities,#c5b0d5,Q85,icdcodes
1130,1130,"Q86 Congenital malformation syndromes due to known exogenous causes, not elsewhere classified",2,"XVII. Congenital malformations, deformations and chromosomal abnormalities",XVII. Congenital Abnormalities,#c5b0d5,Q86,icdcodes
1131,1131,Q87 Other specified congenital malformation syndromes affecting multiple systems,242,"XVII. Congenital malformations, deformations and chromosomal abnormalities",XVII. Congenital Abnormalities,#c5b0d5,Q87,icdcodes
1132,1132,"Q89 Other congenital malformations, not elsewhere classified",310,"XVII. Congenital malformations, deformations and chromosomal abnormalities",XVII. Congenital Abnormalities,#c5b0d5,Q89,icdcodes
1133,1133,Q90 Down's syndrome,37,"XVII. Congenital malformations, deformations and chromosomal abnormalities",XVII. Congenital Abnormalities,#c5b0d5,Q90,icdcodes
1134,1134,Q91 Edwards' syndrome and patau's syndrome,11,"XVII. Congenital malformations, deformations and chromosomal abnormalities",XVII. Congenital Abnormalities,#c5b0d5,Q91,icdcodes
1135,1135,"Q92 Other trisomies and partial trisomies of the autosomes, not elsewhere classified",17,"XVII. Congenital malformations, deformations and chromosomal abnormalities",XVII. Congenital Abnormalities,#c5b0d5,Q92,icdcodes
1136,1136,"Q93 Monosomies and deletions from the autosomes, not elsewhere classified",13,"XVII. Congenital malformations, deformations and chromosomal abnormalities",XVII. Congenital Abnormalities,#c5b0d5,Q93,icdcodes
1137,1137,"Q95 Balanced rearrangements and structural markers, not elsewhere classified",4,"XVII. Congenital malformations, deformations and chromosomal abnormalities",XVII. Congenital Abnormalities,#c5b0d5,Q95,icdcodes
1138,1138,Q96 Turner's syndrome,43,"XVII. Congenital malformations, deformations and chromosomal abnormalities",XVII. Congenital Abnormalities,#c5b0d5,Q96,icdcodes
1139,1139,"Q97 Other sex chromosome abnormalities, female phenotype, not elsewhere classified",8,"XVII. Congenital malformations, deformations and chromosomal abnormalities",XVII. Congenital Abnormalities,#c5b0d5,Q97,icdcodes
1140,1140,"Q98 Other sex chromosome abnormalities, male phenotype, not elsewhere classified",59,"XVII. Congenital malformations, deformations and chromosomal abnormalities",XVII. Congenital Abnormalities,#c5b0d5,Q98,icdcodes
1141,1141,"Q99 Other chromosome abnormalities, not elsewhere classified",50,"XVII. Congenital malformations, deformations and chromosomal abnormalities",XVII. Congenital Abnormalities,#c5b0d5,Q99,icdcodes
1142,1142,CXX Unknown Cancer,5026,II. Neoplasms,II. Neoplasms,#ff7f0e,CXX,icdcodes
1143,1143,C00 Malignant neoplasm of lip,29,II. Neoplasms,II. Neoplasms,#ff7f0e,C00,icdcodes
1144,1144,C01 Malignant neoplasm of base of tongue,98,II. Neoplasms,II. Neoplasms,#ff7f0e,C01,icdcodes
1145,1145,C02 Malignant neoplasm of other and unspecified parts of tongue,146,II. Neoplasms,II. Neoplasms,#ff7f0e,C02,icdcodes
1146,1146,C03 Malignant neoplasm of gum,34,II. Neoplasms,II. Neoplasms,#ff7f0e,C03,icdcodes
1147,1147,C04 Malignant neoplasm of floor of mouth,38,II. Neoplasms,II. Neoplasms,#ff7f0e,C04,icdcodes
1148,1148,C05 Malignant neoplasm of palate,45,II. Neoplasms,II. Neoplasms,#ff7f0e,C05,icdcodes
1149,1149,C06 Malignant neoplasm of other and unspecified parts of mouth,53,II. Neoplasms,II. Neoplasms,#ff7f0e,C06,icdcodes
1150,1150,C07 Malignant neoplasm of parotid gland,75,II. Neoplasms,II. Neoplasms,#ff7f0e,C07,icdcodes
1151,1151,C08 Malignant neoplasm of other and unspecified major salivary glands,17,II. Neoplasms,II. Neoplasms,#ff7f0e,C08,icdcodes
1152,1152,C09 Malignant neoplasm of tonsil,185,II. Neoplasms,II. Neoplasms,#ff7f0e,C09,icdcodes
1153,1153,C10 Malignant neoplasm of oropharynx,25,II. Neoplasms,II. Neoplasms,#ff7f0e,C10,icdcodes
1154,1154,C11 Malignant neoplasm of nasopharynx,25,II. Neoplasms,II. Neoplasms,#ff7f0e,C11,icdcodes
1155,1155,C12 Malignant neoplasm of pyriform sinus,12,II. Neoplasms,II. Neoplasms,#ff7f0e,C12,icdcodes
1156,1156,C13 Malignant neoplasm of hypopharynx,10,II. Neoplasms,II. Neoplasms,#ff7f0e,C13,icdcodes
1157,1157,"C14 Malignant neoplasm of other and ill-defined sites in the lip, oral cavity and pharynx",12,II. Neoplasms,II. Neoplasms,#ff7f0e,C14,icdcodes
1158,1158,C15 Malignant neoplasm of oesophagus,526,II. Neoplasms,II. Neoplasms,#ff7f0e,C15,icdcodes
1159,1159,C16 Malignant neoplasm of stomach,375,II. Neoplasms,II. Neoplasms,#ff7f0e,C16,icdcodes
1160,1160,C17 Malignant neoplasm of small intestine,128,II. Neoplasms,II. Neoplasms,#ff7f0e,C17,icdcodes
1161,1161,C18 Malignant neoplasm of colon,2580,II. Neoplasms,II. Neoplasms,#ff7f0e,C18,icdcodes
1162,1162,C19 Malignant neoplasm of rectosigmoid junction,318,II. Neoplasms,II. Neoplasms,#ff7f0e,C19,icdcodes
1163,1163,C20 Malignant neoplasm of rectum,1205,II. Neoplasms,II. Neoplasms,#ff7f0e,C20,icdcodes
1164,1164,C21 Malignant neoplasm of anus and anal canal,126,II. Neoplasms,II. Neoplasms,#ff7f0e,C21,icdcodes
1165,1165,C22 Malignant neoplasm of liver and intrahepatic bile ducts,248,II. Neoplasms,II. Neoplasms,#ff7f0e,C22,icdcodes
1166,1166,C23 Malignant neoplasm of gallbladder,64,II. Neoplasms,II. Neoplasms,#ff7f0e,C23,icdcodes
1167,1167,C24 Malignant neoplasm of other and unspecified parts of biliary tract,89,II. Neoplasms,II. Neoplasms,#ff7f0e,C24,icdcodes
1168,1168,C25 Malignant neoplasm of pancreas,493,II. Neoplasms,II. Neoplasms,#ff7f0e,C25,icdcodes
1169,1169,C26 Malignant neoplasm of other and ill-defined digestive organs,15,II. Neoplasms,II. Neoplasms,#ff7f0e,C26,icdcodes
1170,1170,C30 Malignant neoplasm of nasal cavity and middle ear,26,II. Neoplasms,II. Neoplasms,#ff7f0e,C30,icdcodes
1171,1171,C31 Malignant neoplasm of accessory sinuses,13,II. Neoplasms,II. Neoplasms,#ff7f0e,C31,icdcodes
1172,1172,C32 Malignant neoplasm of larynx,206,II. Neoplasms,II. Neoplasms,#ff7f0e,C32,icdcodes
1173,1173,C33 Malignant neoplasm of trachea,5,II. Neoplasms,II. Neoplasms,#ff7f0e,C33,icdcodes
1174,1174,C34 Malignant neoplasm of bronchus and lung,1778,II. Neoplasms,II. Neoplasms,#ff7f0e,C34,icdcodes
1175,1175,C37 Malignant neoplasm of thymus,22,II. Neoplasms,II. Neoplasms,#ff7f0e,C37,icdcodes
1176,1176,"C38 Malignant neoplasm of heart, mediastinum and pleura",11,II. Neoplasms,II. Neoplasms,#ff7f0e,C38,icdcodes
1177,1177,C39 Malignant neoplasm of other and ill-defined sites in the respiratory system and intrathoracic organs,2,II. Neoplasms,II. Neoplasms,#ff7f0e,C39,icdcodes
1178,1178,C40 Malignant neoplasm of bone and articular cartilage of limbs,28,II. Neoplasms,II. Neoplasms,#ff7f0e,C40,icdcodes
1179,1179,C41 Malignant neoplasm of bone and articular cartilage of other and unspecified sites,25,II. Neoplasms,II. Neoplasms,#ff7f0e,C41,icdcodes
1180,1180,C42 Hematopoietic and reticuloendothelial systems icd-o-3 specific,36,II. Neoplasms,II. Neoplasms,#ff7f0e,C42,icdcodes
1181,1181,C43 Malignant melanoma of skin,2413,II. Neoplasms,II. Neoplasms,#ff7f0e,C43,icdcodes
1182,1182,C44 Other malignant neoplasms of skin,16632,II. Neoplasms,II. Neoplasms,#ff7f0e,C44,icdcodes
1183,1183,C45 Mesothelioma,211,II. Neoplasms,II. Neoplasms,#ff7f0e,C45,icdcodes
1184,1184,C46 Kaposi's sarcoma,10,II. Neoplasms,II. Neoplasms,#ff7f0e,C46,icdcodes
1185,1185,C47 Malignant neoplasm of peripheral nerves and autonomic nervous system,15,II. Neoplasms,II. Neoplasms,#ff7f0e,C47,icdcodes
1186,1186,C48 Malignant neoplasm of retroperitoneum and peritoneum,96,II. Neoplasms,II. Neoplasms,#ff7f0e,C48,icdcodes
1187,1187,C49 Malignant neoplasm of other connective and soft tissue,224,II. Neoplasms,II. Neoplasms,#ff7f0e,C49,icdcodes
1188,1188,C50 Malignant neoplasm of breast,10691,II. Neoplasms,II. Neoplasms,#ff7f0e,C50,icdcodes
1189,1189,C51 Malignant neoplasm of vulva,87,II. Neoplasms,II. Neoplasms,#ff7f0e,C51,icdcodes
1190,1190,C52 Malignant neoplasm of vagina,17,II. Neoplasms,II. Neoplasms,#ff7f0e,C52,icdcodes
1191,1191,C53 Malignant neoplasm of cervix uteri,374,II. Neoplasms,II. Neoplasms,#ff7f0e,C53,icdcodes
1192,1192,C54 Malignant neoplasm of corpus uteri,1301,II. Neoplasms,II. Neoplasms,#ff7f0e,C54,icdcodes
1193,1193,"C55 Malignant neoplasm of uterus, part unspecified",30,II. Neoplasms,II. Neoplasms,#ff7f0e,C55,icdcodes
1194,1194,C56 Malignant neoplasm of ovary,885,II. Neoplasms,II. Neoplasms,#ff7f0e,C56,icdcodes
1195,1195,C57 Malignant neoplasm of other and unspecified female genital organs,61,II. Neoplasms,II. Neoplasms,#ff7f0e,C57,icdcodes
1196,1196,C58 Malignant neoplasm of placenta,8,II. Neoplasms,II. Neoplasms,#ff7f0e,C58,icdcodes
1197,1197,C60 Malignant neoplasm of penis,52,II. Neoplasms,II. Neoplasms,#ff7f0e,C60,icdcodes
1198,1198,C61 Malignant neoplasm of prostate,6873,II. Neoplasms,II. Neoplasms,#ff7f0e,C61,icdcodes
1199,1199,C62 Malignant neoplasm of testis,429,II. Neoplasms,II. Neoplasms,#ff7f0e,C62,icdcodes
1200,1200,C63 Malignant neoplasm of other and unspecified male genital organs,10,II. Neoplasms,II. Neoplasms,#ff7f0e,C63,icdcodes
1201,1201,"C64 Malignant neoplasm of kidney, except renal pelvis",885,II. Neoplasms,II. Neoplasms,#ff7f0e,C64,icdcodes
1202,1202,C65 Malignant neoplasm of renal pelvis,53,II. Neoplasms,II. Neoplasms,#ff7f0e,C65,icdcodes
1203,1203,C66 Malignant neoplasm of ureter,32,II. Neoplasms,II. Neoplasms,#ff7f0e,C66,icdcodes
1204,1204,C67 Malignant neoplasm of bladder,814,II. Neoplasms,II. Neoplasms,#ff7f0e,C67,icdcodes
1205,1205,C68 Malignant neoplasm of other and unspecified urinary organs,10,II. Neoplasms,II. Neoplasms,#ff7f0e,C68,icdcodes
1206,1206,C69 Malignant neoplasm of eye and adnexa,109,II. Neoplasms,II. Neoplasms,#ff7f0e,C69,icdcodes
1207,1207,C70 Malignant neoplasm of meninges,7,II. Neoplasms,II. Neoplasms,#ff7f0e,C70,icdcodes
1208,1208,C71 Malignant neoplasm of brain,447,II. Neoplasms,II. Neoplasms,#ff7f0e,C71,icdcodes
1209,1209,"C72 Malignant neoplasm of spinal cord, cranial nerves and other parts of central nervous system",18,II. Neoplasms,II. Neoplasms,#ff7f0e,C72,icdcodes
1210,1210,C73 Malignant neoplasm of thyroid gland,421,II. Neoplasms,II. Neoplasms,#ff7f0e,C73,icdcodes
1211,1211,C74 Malignant neoplasm of adrenal gland,22,II. Neoplasms,II. Neoplasms,#ff7f0e,C74,icdcodes
1212,1212,C75 Malignant neoplasm of other endocrine glands and related structures,16,II. Neoplasms,II. Neoplasms,#ff7f0e,C75,icdcodes
1213,1213,C76 Malignant neoplasm of other and ill-defined sites,33,II. Neoplasms,II. Neoplasms,#ff7f0e,C76,icdcodes
1214,1214,C77 Secondary and unspecified malignant neoplasm of lymph nodes,90,II. Neoplasms,II. Neoplasms,#ff7f0e,C77,icdcodes
1215,1215,C78 Secondary malignant neoplasm of respiratory and digestive organs,102,II. Neoplasms,II. Neoplasms,#ff7f0e,C78,icdcodes
1216,1216,C79 Secondary malignant neoplasm of other sites,47,II. Neoplasms,II. Neoplasms,#ff7f0e,C79,icdcodes
1217,1217,C80 Malignant neoplasm without specification of site,143,II. Neoplasms,II. Neoplasms,#ff7f0e,C80,icdcodes
1218,1218,C81 Hodgkin's disease,255,II. Neoplasms,II. Neoplasms,#ff7f0e,C81,icdcodes
1219,1219,C82 Follicular [nodular] non-hodgkin's lymphoma,387,II. Neoplasms,II. Neoplasms,#ff7f0e,C82,icdcodes
1220,1220,C83 Diffuse non-hodgkin's lymphoma,697,II. Neoplasms,II. Neoplasms,#ff7f0e,C83,icdcodes
1221,1221,C84 Peripheral and cutaneous t-cell lymphomas,133,II. Neoplasms,II. Neoplasms,#ff7f0e,C84,icdcodes
1222,1222,C85 Other and unspecified types of non-hodgkin's lymphoma,355,II. Neoplasms,II. Neoplasms,#ff7f0e,C85,icdcodes
1223,1223,C86 Other specified types of t/nk-cell lymphoma,1,II. Neoplasms,II. Neoplasms,#ff7f0e,C86,icdcodes
1224,1224,C88 Malignant immunoproliferative diseases,24,II. Neoplasms,II. Neoplasms,#ff7f0e,C88,icdcodes
1225,1225,C90 Multiple myeloma and malignant plasma cell neoplasms,471,II. Neoplasms,II. Neoplasms,#ff7f0e,C90,icdcodes
1226,1226,C91 Lymphoid leukaemia,517,II. Neoplasms,II. Neoplasms,#ff7f0e,C91,icdcodes
1227,1227,C92 Myeloid leukaemia,323,II. Neoplasms,II. Neoplasms,#ff7f0e,C92,icdcodes
1228,1228,C93 Monocytic leukaemia,9,II. Neoplasms,II. Neoplasms,#ff7f0e,C93,icdcodes
1229,1229,C94 Other leukaemias of specified cell type,4,II. Neoplasms,II. Neoplasms,#ff7f0e,C94,icdcodes
1230,1230,C95 Leukaemia of unspecified cell type,12,II. Neoplasms,II. Neoplasms,#ff7f0e,C95,icdcodes
1231,1231,"C96 Other and unspecified malignant neoplasms of lymphoid, haematopoietic and related tissue",30,II. Neoplasms,II. Neoplasms,#ff7f0e,C96,icdcodes
1232,1232,C97 Malignant neoplasms of independent primary multiple sites,1,II. Neoplasms,II. Neoplasms,#ff7f0e,C97,icdcodes
1233,1233,"D00 Carcinoma in situ of oral cavity, oesophagus and stomach",57,II. Neoplasms,II. Neoplasms,#ff7f0e,D00,icdcodes
1234,1234,D01 Carcinoma in situ of other and unspecified digestive organs,242,II. Neoplasms,II. Neoplasms,#ff7f0e,D01,icdcodes
1235,1235,D02 Carcinoma in situ of middle ear and respiratory system,48,II. Neoplasms,II. Neoplasms,#ff7f0e,D02,icdcodes
1236,1236,D03 Melanoma in situ,887,II. Neoplasms,II. Neoplasms,#ff7f0e,D03,icdcodes
1237,1237,D04 Carcinoma in situ of skin,843,II. Neoplasms,II. Neoplasms,#ff7f0e,D04,icdcodes
1238,1238,D05 Carcinoma in situ of breast,1788,II. Neoplasms,II. Neoplasms,#ff7f0e,D05,icdcodes
1239,1239,D06 Carcinoma in situ of cervix uteri,3053,II. Neoplasms,II. Neoplasms,#ff7f0e,D06,icdcodes
1240,1240,D07 Carcinoma in situ of other and unspecified genital organs,454,II. Neoplasms,II. Neoplasms,#ff7f0e,D07,icdcodes
1241,1241,D09 Carcinoma in situ of other and unspecified sites,544,II. Neoplasms,II. Neoplasms,#ff7f0e,D09,icdcodes
1242,1242,D10 Benign neoplasm of mouth and pharynx,,II. Neoplasms,II. Neoplasms,#ff7f0e,D10,icdcodes
1243,1243,D11 Benign neoplasm of major salivary glands,31,II. Neoplasms,II. Neoplasms,#ff7f0e,D11,icdcodes
1244,1244,"D12 Benign neoplasm of colon, rectum, anus and anal canal",1,II. Neoplasms,II. Neoplasms,#ff7f0e,D12,icdcodes
1245,1245,D13 Benign neoplasm of other and ill-defined parts of digestive system,1,II. Neoplasms,II. Neoplasms,#ff7f0e,D13,icdcodes
1246,1246,D15 Benign neoplasm of other and unspecified intrathoracic organs,3,II. Neoplasms,II. Neoplasms,#ff7f0e,D15,icdcodes
1247,1247,D16 Benign neoplasm of bone and articular cartilage,2,II. Neoplasms,II. Neoplasms,#ff7f0e,D16,icdcodes
1248,1248,"D18 Haemangioma and lymphangioma, any site",2,II. Neoplasms,II. Neoplasms,#ff7f0e,D18,icdcodes
1249,1249,D27 Benign neoplasm of ovary,3,II. Neoplasms,II. Neoplasms,#ff7f0e,D27,icdcodes
1250,1250,D30 Benign neoplasm of urinary organs,1,II. Neoplasms,II. Neoplasms,#ff7f0e,D30,icdcodes
1251,1251,D32 Benign neoplasm of meninges,341,II. Neoplasms,II. Neoplasms,#ff7f0e,D32,icdcodes
1252,1252,D33 Benign neoplasm of brain and other parts of central nervous system,184,II. Neoplasms,II. Neoplasms,#ff7f0e,D33,icdcodes
1253,1253,D34 Benign neoplasm of thyroid gland,1,II. Neoplasms,II. Neoplasms,#ff7f0e,D34,icdcodes
1254,1254,D35 Benign neoplasm of other and unspecified endocrine glands,194,II. Neoplasms,II. Neoplasms,#ff7f0e,D35,icdcodes
1255,1255,D36 Benign neoplasm of other and unspecified sites,2,II. Neoplasms,II. Neoplasms,#ff7f0e,D36,icdcodes
1256,1256,D37 Neoplasm of uncertain or unknown behaviour of oral cavity and digestive organs,293,II. Neoplasms,II. Neoplasms,#ff7f0e,D37,icdcodes
1257,1257,D38 Neoplasm of uncertain or unknown behaviour of middle ear and respiratory and intrathoracic organs,21,II. Neoplasms,II. Neoplasms,#ff7f0e,D38,icdcodes
1258,1258,D39 Neoplasm of uncertain or unknown behaviour of female genital organs,126,II. Neoplasms,II. Neoplasms,#ff7f0e,D39,icdcodes
1259,1259,D40 Neoplasm of uncertain or unknown behaviour of male genital organs,25,II. Neoplasms,II. Neoplasms,#ff7f0e,D40,icdcodes
1260,1260,D41 Neoplasm of uncertain or unknown behaviour of urinary organs,623,II. Neoplasms,II. Neoplasms,#ff7f0e,D41,icdcodes
1261,1261,D42 Neoplasm of uncertain or unknown behaviour of meninges,26,II. Neoplasms,II. Neoplasms,#ff7f0e,D42,icdcodes
1262,1262,D43 Neoplasm of uncertain or unknown behaviour of brain and central nervous system,53,II. Neoplasms,II. Neoplasms,#ff7f0e,D43,icdcodes
1263,1263,D44 Neoplasm of uncertain or unknown behaviour of endocrine glands,49,II. Neoplasms,II. Neoplasms,#ff7f0e,D44,icdcodes
1264,1264,D45 Polycythaemia vera,125,II. Neoplasms,II. Neoplasms,#ff7f0e,D45,icdcodes
1265,1265,D46 Myelodysplastic syndromes,105,II. Neoplasms,II. Neoplasms,#ff7f0e,D46,icdcodes
1266,1266,"D47 Other neoplasms of uncertain or unknown behaviour of lymphoid, haematopoietic and related tissue",308,II. Neoplasms,II. Neoplasms,#ff7f0e,D47,icdcodes
1267,1267,D48 Neoplasm of uncertain or unknown behaviour of other and unspecified sites,183,II. Neoplasms,II. Neoplasms,#ff7f0e,D48,icdcodes
1268,1268,O01 Hydatidiform mole38,26,"XV. Pregnancy, childbirth and the puerperium",XV. Pregnancy & Childbirth,#e377c2,O01,icdcodes
1269,1269,Death,24152,Death,Death,#000a35,Death,death